,ID,Date,Team,Home,PF,Opp,OHome,PA,Res,Mar
1,739487,20240824, Hawaii,1,35, Delaware_St,-1,14,1,21
3,739487,20240824, Florida_A&M,0,24, Norfolk_St,0,23,1,1
5,739487,20240824, Montana_St,-1,35, New_Mexico,1,31,1,4
7,739487,20240824, SMU,-1,29, Nevada,1,24,1,5
9,739487,20240824, Georgia_Tech,0,24, Florida_St,0,21,1,3
11,739487,20240824, Tarleton_St,1,26, McNeese_St,-1,23,1,3
13,739487,20240824, SE_Missouri_St,0,37, North_Alabama,0,15,1,22
15,739492,20240829, San_Jose_St,1,42, CS_Sacramento,-1,24,1,18
17,739492,20240829, UAB,1,41, Alcorn_St,-1,3,1,38
19,739492,20240829, Coastal_Car,-1,55, Jacksonville_St,1,27,1,28
21,739492,20240829, Toledo,1,49, Duquesne,-1,10,1,39
23,739492,20240829, Illinois,1,45, E_Illinois,-1,0,1,45
25,739492,20240829, E_Washington,1,42, Monmouth_NJ,-1,27,1,15
27,739492,20240829, Arkansas,0,70, Ark_Pine_Bluff,0,0,1,70
29,739492,20240829, ULM,1,30, Jackson_St,-1,14,1,16
31,739492,20240829, Kansas,1,48, Lindenwood,-1,3,1,45
33,739492,20240829, Mercer,1,63, Presbyterian,-1,10,1,53
35,739492,20240829, Missouri,1,51, Murray_St,-1,0,1,51
37,739492,20240829, Wake_Forest,1,45, NC_A&T,-1,13,1,32
39,739492,20240829, Colorado,1,31, N_Dakota_St,-1,26,1,5
41,739492,20240829, Tulsa,1,62, Northwestern_LA,-1,28,1,34
43,739492,20240829, Rutgers,1,44, Howard,-1,7,1,37
45,739492,20240829, Tulane,1,52, SE_Louisiana,-1,0,1,52
47,739492,20240829, Utah,1,49, Southern_Utah,-1,0,1,49
49,739492,20240829, Villanova,1,24, Youngstown_St,-1,17,1,7
51,739492,20240829, William_&_Mary,1,41, VMI,-1,7,1,34
53,739492,20240829, NC_State,1,38, W_Carolina,-1,21,1,17
55,739492,20240829, Wofford,-1,21, Gardner_Webb,1,20,1,1
57,739492,20240829, Buffalo,1,30, Lafayette,-1,13,1,17
59,739492,20240829, North_Carolina,-1,19, Minnesota,1,17,1,2
61,739492,20240829, UCF,1,57, New_Hampshire,-1,3,1,54
63,739492,20240829, Bowling_Green,1,41, Fordham,-1,17,1,24
65,739492,20240829, C_Michigan,1,66, Central_Conn,-1,10,1,56
67,739492,20240829, Delaware,1,48, Bryant,-1,17,1,31
69,739493,20240830, Duke,1,26, Elon,-1,3,1,23
71,739493,20240830, Michigan_St,1,16, FL_Atlantic,-1,10,1,6
73,739493,20240830, Maine,1,17, Colgate,-1,14,1,3
75,739493,20240830, TCU,-1,34, Stanford,1,27,1,7
77,739493,20240830, Wisconsin,1,28, W_Michigan,-1,14,1,14
79,739493,20240830, Army,1,42, Lehigh,-1,7,1,35
81,739493,20240830, Oklahoma,1,51, Temple,-1,3,1,48
83,739494,20240831, California,1,31, UC_Davis,-1,13,1,18
85,739494,20240831, Liberty,1,41, Campbell,-1,24,1,17
87,739494,20240831, SUNY_Albany,1,27, LIU_Post,-1,21,1,6
89,739494,20240831, Arkansas_St,1,34, Cent_Arkansas,-1,31,1,3
91,739494,20240831, Citadel,-1,22, Charleston_So,1,21,1,1
93,739494,20240831, Cincinnati,1,38, Towson,-1,20,1,18
95,739494,20240831, Maryland,1,50, Connecticut,-1,7,1,43
97,739494,20240831, Texas_Tech,1,52, Abilene_Chr,-1,51,1,1
99,739494,20240831, Delaware_St,-1,17, Sacred_Heart,1,15,1,2
101,739494,20240831, Montana_St,-1,31, Utah_Tech,1,7,1,24
103,739494,20240831, East_Carolina,1,42, Norfolk_St,-1,3,1,39
105,739494,20240831, Appalachian_St,1,38, ETSU,-1,10,1,28
107,739494,20240831, Mississippi_St,1,56, E_Kentucky,-1,7,1,49
109,739494,20240831, E_Michigan,-1,28, Massachusetts,1,14,1,14
111,739494,20240831, Miami_FL,-1,41, Florida,1,17,1,24
113,739494,20240831, Florida_A&M,1,22, S_Carolina_St,-1,18,1,4
115,739494,20240831, Indiana,1,31, Florida_Intl,-1,7,1,24
117,739494,20240831, Mississippi,1,76, Furman,-1,0,1,76
119,739494,20240831, Boise_St,-1,56, Ga_Southern,1,45,1,11
121,739494,20240831, Georgia_Tech,1,35, Georgia_St,-1,12,1,23
123,739494,20240831, Arizona,1,61, New_Mexico,-1,39,1,22
125,739494,20240831, Arizona_St,1,48, Wyoming,-1,7,1,41
127,739494,20240831, Morgan_St,-1,30, Hampton,1,28,1,2
129,739494,20240831, UCLA,-1,16, Hawaii,1,13,1,3
131,739494,20240831, Rhode_Island,1,20, Holy_Cross,-1,17,1,3
133,739494,20240831, SMU,1,59, Houston_Chr,-1,7,1,52
135,739494,20240831, Oregon,1,24, Idaho,-1,14,1,10
137,739494,20240831, Oregon_St,1,38, Idaho_St,-1,15,1,23
139,739494,20240831, Iowa,1,40, Illinois_St,-1,0,1,40
141,739494,20240831, Incarnate_Word,1,28, N_Colorado,-1,7,1,21
143,739494,20240831, Purdue,1,49, Indiana_St,-1,0,1,49
145,739494,20240831, Iowa_St,1,21, North_Dakota,-1,3,1,18
147,739494,20240831, James_Madison,-1,30, Charlotte,1,7,1,23
149,739494,20240831, UT_San_Antonio,1,28, Kennesaw,-1,16,1,12
151,739494,20240831, Pittsburgh,1,55, Kent,-1,24,1,31
153,739494,20240831, Texas_St,1,34, Lamar,-1,27,1,7
155,739494,20240831, Auburn,1,73, Alabama_A&M,-1,3,1,70
157,739494,20240831, Louisiana_Tech,1,25, Nicholls_St,-1,17,1,8
159,739494,20240831, Louisville,1,62, Austin_Peay,-1,0,1,62
161,739494,20240831, Air_Force,1,21, Merrimack,-1,6,1,15
163,739494,20240831, MTSU,1,32, Tennessee_Tech,-1,25,1,7
165,739494,20240831, Tennessee_St,1,41, MS_Valley_St,-1,21,1,20
167,739494,20240831, Montana,1,29, Missouri_St,-1,24,1,5
169,739494,20240831, Nevada,-1,28, Troy,1,26,1,2
171,739494,20240831, UNLV,-1,27, Houston,1,7,1,20
173,739494,20240831, New_Mexico_St,1,23, SE_Missouri_St,-1,16,1,7
175,739494,20240831, Memphis,1,40, North_Alabama,-1,0,1,40
177,739494,20240831, Baylor,1,45, Tarleton_St,-1,3,1,42
179,739494,20240831, N_Illinois,1,54, W_Illinois,-1,15,1,39
181,739494,20240831, Syracuse,1,38, Ohio,-1,22,1,16
183,739494,20240831, South_Carolina,1,23, Old_Dominion,-1,19,1,4
185,739494,20240831, Penn_St,-1,34, West_Virginia,1,12,1,22
187,739494,20240831, Washington_St,1,70, Portland_St,-1,30,1,40
189,739494,20240831, TX_Southern,-1,27, Prairie_View,1,9,1,18
191,739494,20240831, Virginia,1,34, Richmond,-1,13,1,21
193,739494,20240831, Utah_St,1,36, Robert_Morris,-1,14,1,22
195,739494,20240831, Dayton,1,18, St_Francis_PA,-1,10,1,8
197,739494,20240831, South_Florida,1,48, Bethune-Cookman,-1,3,1,45
199,739494,20240831, Sam_Houston_St,-1,34, Rice,1,14,1,20
201,739494,20240831, West_Georgia,1,38, Samford,-1,29,1,9
203,739494,20240831, San_Diego_St,1,45, East_Texas_A&M,-1,14,1,31
205,739494,20240831, North_Texas,-1,52, South_Alabama,1,38,1,14
207,739494,20240831, Oklahoma_St,1,44, S_Dakota_St,-1,20,1,24
209,739494,20240831, McNeese_St,1,21, Southern_Univ,-1,7,1,14
211,739494,20240831, Marshall,1,45, Stony_Brook,-1,3,1,42
213,739494,20240831, Tennessee,1,69, Chattanooga,-1,3,1,66
215,739494,20240831, Kansas_St,1,41, TN_Martin,-1,6,1,35
217,739494,20240831, Texas,1,52, Colorado_St,-1,0,1,52
219,739494,20240831, Nebraska,1,40, UTEP,-1,7,1,33
221,739494,20240831, Northern_Iowa,1,35, Valparaiso,-1,7,1,28
223,739494,20240831, Vanderbilt,1,34, Virginia_Tech,-1,27,1,7
225,739494,20240831, Washington,1,35, Weber_St,-1,3,1,32
227,739494,20240831, Alabama,1,63, WKU,-1,0,1,63
229,739494,20240831, Georgia,0,34, Clemson,0,3,1,31
231,739494,20240831, Kentucky,1,31, Southern_Miss,-1,0,1,31
233,739494,20240831, Notre_Dame,-1,23, Texas_A&M,1,13,1,10
235,739494,20240831, Michigan,1,30, Fresno_St,-1,10,1,20
237,739494,20240831, Ohio_St,1,52, Akron,-1,6,1,46
239,739494,20240831, BYU,1,41, S_Illinois,-1,13,1,28
241,739494,20240831, Louisiana,1,40, Grambling,-1,10,1,30
243,739494,20240831, Northwestern,1,13, Miami_OH,-1,6,1,7
245,739494,20240831, Navy,1,49, Bucknell,-1,21,1,28
247,739494,20240831, Georgetown,1,46, Davidson,-1,24,1,22
249,739494,20240831, San_Diego,1,27, Cal_Poly,-1,21,1,6
251,739495,20240901, NC_Central,0,31, Alabama_St,0,24,1,7
253,739495,20240901, USC,0,27, LSU,0,20,1,7
255,739496,20240902, Boston_College,-1,28, Florida_St,1,13,1,15
257,739500,20240906, Duke,-1,26, Northwestern,1,20,1,6
259,739500,20240906, BYU,-1,18, SMU,1,15,1,3
261,739500,20240906, Indiana,1,77, W_Illinois,-1,3,1,74
263,739501,20240907, Fresno_St,1,46, CS_Sacramento,-1,30,1,16
265,739501,20240907, California,-1,21, Auburn,1,14,1,7
267,739501,20240907, Campbell,-1,24, W_Carolina,1,16,1,8
269,739501,20240907, West_Virginia,1,49, SUNY_Albany,-1,14,1,35
271,739501,20240907, Cent_Arkansas,-1,34, Lindenwood,1,13,1,21
273,739501,20240907, Charleston_So,-1,24, Furman,1,20,1,4
275,739501,20240907, Pittsburgh,-1,28, Cincinnati,1,27,1,1
277,739501,20240907, Vanderbilt,1,55, Alcorn_St,-1,0,1,55
279,739501,20240907, Coastal_Car,1,40, William_&_Mary,-1,21,1,19
281,739501,20240907, Connecticut,1,63, Merrimack,-1,17,1,46
283,739501,20240907, Abilene_Chr,1,38, West_Georgia,-1,24,1,14
285,739501,20240907, UNLV,1,72, Utah_Tech,-1,14,1,58
287,739501,20240907, Drake,-1,35, E_Washington,1,32,1,3
289,739501,20240907, Boston_College,1,56, Duquesne,-1,0,1,56
291,739501,20240907, East_Carolina,-1,20, Old_Dominion,1,14,1,6
293,739501,20240907, Washington,1,30, E_Michigan,-1,9,1,21
295,739501,20240907, Elon,-1,41, NC_Central,1,19,1,22
297,739501,20240907, Florida,1,45, Samford,-1,7,1,38
299,739501,20240907, Miami_FL,1,56, Florida_A&M,-1,9,1,47
301,739501,20240907, Army,-1,24, FL_Atlantic,1,7,1,17
303,739501,20240907, Florida_Intl,1,52, C_Michigan,-1,16,1,36
305,739501,20240907, Clemson,1,66, Appalachian_St,-1,20,1,46
307,739501,20240907, Ga_Southern,-1,20, Nevada,1,17,1,3
309,739501,20240907, Georgia_St,1,24, Chattanooga,-1,21,1,3
311,739501,20240907, Arizona,1,22, Northern_Arizona,-1,10,1,12
313,739501,20240907, Arizona_St,1,30, Mississippi_St,-1,23,1,7
315,739501,20240907, Arkansas_St,1,28, Tulsa,-1,24,1,4
317,739501,20240907, Tarleton_St,-1,35, Houston_Chr,1,18,1,17
319,739501,20240907, Idaho,-1,17, Wyoming,1,13,1,4
321,739501,20240907, Illinois,1,23, Kansas,-1,17,1,6
323,739501,20240907, Illinois_St,-1,24, North_Alabama,1,17,1,7
325,739501,20240907, S_Dakota_St,1,45, Incarnate_Word,-1,24,1,21
327,739501,20240907, E_Illinois,1,27, Indiana_St,-1,20,1,7
329,739501,20240907, Iowa_St,-1,20, Iowa,1,19,1,1
331,739501,20240907, Louisville,1,49, Jacksonville_St,-1,14,1,35
333,739501,20240907, Louisiana,-1,34, Kennesaw,1,10,1,24
335,739501,20240907, Lamar,1,28, MS_Valley_St,-1,14,1,14
337,739501,20240907, ULM,1,32, UAB,-1,6,1,26
339,739501,20240907, Montana_St,1,41, Maine,-1,24,1,17
341,739501,20240907, Georgetown,-1,31, Marist,1,10,1,21
343,739501,20240907, S_Illinois,-1,31, Austin_Peay,1,17,1,14
345,739501,20240907, Mercer,-1,31, Bethune-Cookman,1,2,1,29
347,739501,20240907, Michigan_St,-1,27, Maryland,1,24,1,3
349,739501,20240907, Mississippi,1,52, MTSU,-1,3,1,49
351,739501,20240907, Missouri,1,38, Buffalo,-1,0,1,38
353,739501,20240907, Ball_St,1,42, Missouri_St,-1,34,1,8
355,739501,20240907, Lafayette,-1,40, Monmouth_NJ,1,35,1,5
357,739501,20240907, Towson,1,14, Morgan_St,-1,9,1,5
359,739501,20240907, Liberty,-1,30, New_Mexico_St,1,24,1,6
361,739501,20240907, LSU,1,44, Nicholls_St,-1,21,1,23
363,739501,20240907, N_Dakota_St,1,52, Tennessee_St,-1,3,1,49
365,739501,20240907, Utah,1,23, Baylor,-1,12,1,11
367,739501,20240907, Colorado_St,1,38, N_Colorado,-1,17,1,21
369,739501,20240907, N_Illinois,-1,16, Notre_Dame,1,14,1,2
371,739501,20240907, Prairie_View,-1,37, Northwestern_LA,1,31,1,6
373,739501,20240907, Ohio,1,27, South_Alabama,-1,20,1,7
375,739501,20240907, Penn_St,1,34, Bowling_Green,-1,27,1,7
377,739501,20240907, Weber_St,1,43, Portland_St,-1,16,1,27
379,739501,20240907, Minnesota,1,48, Rhode_Island,-1,0,1,48
381,739501,20240907, Wofford,-1,26, Richmond,1,19,1,7
383,739501,20240907, Rutgers,1,49, Akron,-1,17,1,32
385,739501,20240907, St_Francis_PA,-1,23, Kent,1,17,1,6
387,739501,20240907, Northern_Iowa,-1,17, St_Thomas_MN,1,10,1,7
389,739501,20240907, UCF,1,45, Sam_Houston_St,-1,14,1,31
391,739501,20240907, Oregon_St,-1,21, San_Diego_St,1,0,1,21
393,739501,20240907, S_Carolina_St,-1,23, Citadel,1,20,1,3
395,739501,20240907, Wisconsin,1,27, South_Dakota,-1,13,1,14
397,739501,20240907, Alabama,1,42, South_Florida,-1,16,1,26
399,739501,20240907, SE_Missouri_St,1,45, TN_Martin,-1,42,1,3
401,739501,20240907, Southern_Miss,1,35, SE_Louisiana,-1,10,1,25
403,739501,20240907, Southern_Utah,-1,27, UTEP,1,24,1,3
405,739501,20240907, Stanford,1,41, Cal_Poly,-1,7,1,34
407,739501,20240907, Stony_Brook,1,37, Stonehill,-1,10,1,27
409,739501,20240907, Tennessee,0,51, NC_State,0,10,1,41
411,739501,20240907, Georgia,1,48, Tennessee_Tech,-1,3,1,45
413,739501,20240907, Texas,-1,31, Michigan,1,12,1,19
415,739501,20240907, UC_Davis,1,36, East_Texas_A&M,-1,22,1,14
417,739501,20240907, TCU,1,45, LIU_Post,-1,0,1,45
419,739501,20240907, Rice,1,69, TX_Southern,-1,7,1,62
421,739501,20240907, Texas_St,1,49, UT_San_Antonio,-1,10,1,39
423,739501,20240907, Toledo,1,38, Massachusetts,-1,23,1,15
425,739501,20240907, Kansas_St,-1,34, Tulane,1,27,1,7
427,739501,20240907, North_Carolina,1,38, Charlotte,-1,20,1,18
429,739501,20240907, USC,1,48, Utah_St,-1,0,1,48
431,739501,20240907, Youngstown_St,1,59, Valparaiso,-1,25,1,34
433,739501,20240907, Villanova,-1,28, Colgate,1,3,1,25
435,739501,20240907, Bucknell,-1,35, VMI,1,28,1,7
437,739501,20240907, Virginia_Tech,1,31, Marshall,-1,14,1,17
439,739501,20240907, Lehigh,1,49, Wagner,-1,13,1,36
441,739501,20240907, Washington_St,1,37, Texas_Tech,-1,16,1,21
443,739501,20240907, Ohio_St,1,56, W_Michigan,-1,0,1,56
445,739501,20240907, Oklahoma_St,1,39, Arkansas,-1,31,1,8
447,739501,20240907, South_Carolina,-1,31, Kentucky,1,6,1,25
449,739501,20240907, Oklahoma,1,16, Houston,-1,12,1,4
451,739501,20240907, Texas_A&M,1,52, McNeese_St,-1,10,1,42
453,739501,20240907, Nebraska,1,28, Colorado,-1,10,1,18
455,739501,20240907, Oregon,1,37, Boise_St,-1,34,1,3
457,739501,20240907, WKU,1,31, E_Kentucky,-1,0,1,31
459,739501,20240907, Syracuse,1,31, Georgia_Tech,-1,28,1,3
461,739501,20240907, Virginia,-1,31, Wake_Forest,1,30,1,1
463,739501,20240907, San_Jose_St,-1,17, Air_Force,1,7,1,10
465,739501,20240907, James_Madison,1,13, Gardner_Webb,-1,6,1,7
467,739501,20240907, Memphis,1,38, Troy,-1,17,1,21
469,739501,20240907, Navy,1,38, Temple,-1,11,1,27
471,739501,20240907, North_Texas,1,35, SF_Austin,-1,20,1,15
473,739501,20240907, New_Hampshire,-1,21, Holy_Cross,1,20,1,1
475,739501,20240907, Butler,-1,19, Murray_St,1,17,1,2
477,739501,20240907, North_Dakota,1,27, Montana,-1,24,1,3
479,739501,20240907, Central_Conn,1,33, Fordham,-1,3,1,30
481,739501,20240907, Howard,1,32, Mercyhurst,-1,31,1,1
483,739506,20240912, Arizona_St,-1,31, Texas_St,1,28,1,3
485,739506,20240912, South_Alabama,1,87, Northwestern_LA,-1,10,1,77
487,739507,20240913, Kansas_St,1,31, Arizona,-1,7,1,24
489,739507,20240913, UNLV,-1,23, Kansas,1,20,1,3
491,739508,20240914, Samford,1,12, Alabama_St,-1,7,1,5
493,739508,20240914, CS_Sacramento,1,34, Nicholls_St,-1,7,1,27
495,739508,20240914, California,1,31, San_Diego_St,-1,10,1,21
497,739508,20240914, Rhode_Island,1,21, Campbell,-1,9,1,12
499,739508,20240914, Idaho,1,41, SUNY_Albany,-1,13,1,28
501,739508,20240914, Cent_Arkansas,1,45, Austin_Peay,-1,17,1,28
503,739508,20240914, Richmond,1,38, Charleston_So,-1,0,1,38
505,739508,20240914, Cincinnati,-1,27, Miami_OH,1,16,1,11
507,739508,20240914, Coastal_Car,-1,28, Temple,1,20,1,8
509,739508,20240914, Duke,1,26, Connecticut,-1,21,1,5
511,739508,20240914, Abilene_Chr,-1,24, N_Colorado,1,22,1,2
513,739508,20240914, Wagner,-1,30, Delaware_St,1,7,1,23
515,739508,20240914, Northern_Arizona,-1,45, Utah_Tech,1,17,1,28
517,739508,20240914, Duquesne,-1,28, Youngstown_St,1,25,1,3
519,739508,20240914, Appalachian_St,-1,21, East_Carolina,1,19,1,2
521,739508,20240914, N_Dakota_St,-1,38, ETSU,1,35,1,3
523,739508,20240914, Northwestern,1,31, E_Illinois,-1,7,1,24
525,739508,20240914, E_Kentucky,1,26, West_Georgia,-1,7,1,19
527,739508,20240914, E_Michigan,1,37, Jacksonville_St,-1,34,1,3
529,739508,20240914, SE_Louisiana,1,28, E_Washington,-1,24,1,4
531,739508,20240914, W_Carolina,-1,24, Elon,1,17,1,7
533,739508,20240914, Texas_A&M,-1,33, Florida,1,20,1,13
535,739508,20240914, FL_Atlantic,1,38, Florida_Intl,-1,20,1,18
537,739508,20240914, Furman,1,48, Stetson,-1,7,1,41
539,739508,20240914, Ga_Southern,1,42, S_Carolina_St,-1,14,1,28
541,739508,20240914, Georgia_St,1,36, Vanderbilt,-1,32,1,4
543,739508,20240914, Hampton,-1,37, Norfolk_St,1,7,1,30
545,739508,20240914, Sam_Houston_St,1,31, Hawaii,-1,13,1,18
547,739508,20240914, Holy_Cross,-1,43, Bryant,1,22,1,21
549,739508,20240914, Michigan,1,28, Arkansas_St,-1,18,1,10
551,739508,20240914, North_Dakota,1,52, Idaho_St,-1,28,1,24
553,739508,20240914, Illinois,1,30, C_Michigan,-1,9,1,21
555,739508,20240914, Tennessee_St,0,41, Ark_Pine_Bluff,0,28,1,13
557,739508,20240914, Illinois_St,1,51, W_Illinois,-1,34,1,17
559,739508,20240914, S_Illinois,1,35, Incarnate_Word,-1,28,1,7
561,739508,20240914, Indiana_St,1,24, Dayton,-1,13,1,11
563,739508,20240914, Jackson_St,1,33, Southern_Univ,-1,15,1,18
565,739508,20240914, San_Jose_St,1,31, Kennesaw,-1,10,1,21
567,739508,20240914, Tennessee,1,71, Kent,-1,0,1,71
569,739508,20240914, Lamar,1,17, Weber_St,-1,16,1,1
571,739508,20240914, Auburn,1,45, New_Mexico,-1,19,1,26
573,739508,20240914, Missouri_St,1,28, Lindenwood,-1,14,1,14
575,739508,20240914, NC_State,1,30, Louisiana_Tech,-1,20,1,10
577,739508,20240914, Monmouth_NJ,-1,51, Maine,1,22,1,29
579,739508,20240914, Lafayette,1,56, Marist,-1,14,1,42
581,739508,20240914, Mercer,-1,10, Chattanooga,1,3,1,7
583,739508,20240914, Merrimack,-1,31, Bucknell,1,21,1,10
585,739508,20240914, WKU,-1,49, MTSU,1,21,1,28
587,739508,20240914, Murray_St,1,59, MS_Valley_St,-1,8,1,51
589,739508,20240914, Missouri,1,27, Boston_College,-1,21,1,6
591,739508,20240914, Miami_FL,1,62, Ball_St,-1,0,1,62
593,739508,20240914, Ohio,1,21, Morgan_St,-1,6,1,15
595,739508,20240914, Minnesota,1,27, Nevada,-1,0,1,27
597,739508,20240914, Fresno_St,1,48, New_Mexico_St,-1,0,1,48
599,739508,20240914, TN_Martin,1,43, North_Alabama,-1,28,1,15
601,739508,20240914, Delaware,-1,42, NC_A&T,1,13,1,29
603,739508,20240914, North_Carolina,1,45, NC_Central,-1,10,1,35
605,739508,20240914, Baylor,1,31, Air_Force,-1,3,1,28
607,739508,20240914, Virginia_Tech,-1,37, Old_Dominion,1,17,1,20
609,739508,20240914, Pittsburgh,1,38, West_Virginia,-1,34,1,4
611,739508,20240914, Michigan_St,1,40, Prairie_View,-1,0,1,40
613,739508,20240914, Sacred_Heart,1,40, Georgetown,-1,14,1,26
615,739508,20240914, Central_Conn,-1,27, St_Francis_PA,1,20,1,7
617,739508,20240914, W_Michigan,1,59, Bethune-Cookman,-1,31,1,28
619,739508,20240914, South_Florida,-1,49, Southern_Miss,1,24,1,25
621,739508,20240914, UC_Davis,-1,24, Southern_Utah,1,21,1,3
623,739508,20240914, Stony_Brook,-1,27, Fordham,1,21,1,6
625,739508,20240914, Texas,1,56, UT_San_Antonio,-1,7,1,49
627,739508,20240914, Grambling,-1,35, East_Texas_A&M,1,28,1,7
629,739508,20240914, Liberty,1,28, UTEP,-1,10,1,18
631,739508,20240914, Toledo,-1,41, Mississippi_St,1,17,1,24
633,739508,20240914, Villanova,1,14, Towson,-1,13,1,1
635,739508,20240914, Oklahoma,1,34, Tulane,-1,19,1,15
637,739508,20240914, Charlotte,1,27, Gardner_Webb,-1,26,1,1
639,739508,20240914, Utah,-1,38, Utah_St,1,21,1,17
641,739508,20240914, Georgia_Tech,1,59, VMI,-1,7,1,52
643,739508,20240914, Washington_St,-1,24, Washington,1,19,1,5
645,739508,20240914, William_&_Mary,-1,28, Wofford,1,21,1,7
647,739508,20240914, Alabama,-1,42, Wisconsin,1,10,1,32
649,739508,20240914, BYU,-1,34, Wyoming,1,14,1,20
651,739508,20240914, Buffalo,1,34, Massachusetts,-1,3,1,31
653,739508,20240914, Arkansas,1,37, UAB,-1,27,1,10
655,739508,20240914, Georgia,-1,13, Kentucky,1,12,1,1
657,739508,20240914, Mississippi,-1,40, Wake_Forest,1,6,1,34
659,739508,20240914, LSU,-1,36, South_Carolina,1,33,1,3
661,739508,20240914, Indiana,-1,42, UCLA,1,13,1,29
663,739508,20240914, Iowa,1,38, Troy,-1,21,1,17
665,739508,20240914, Maryland,-1,27, Virginia,1,13,1,14
667,739508,20240914, Nebraska,1,34, Northern_Iowa,-1,3,1,31
669,739508,20240914, Oregon,-1,49, Oregon_St,1,14,1,35
671,739508,20240914, Notre_Dame,-1,66, Purdue,1,7,1,59
673,739508,20240914, Memphis,-1,20, Florida_St,1,12,1,8
675,739508,20240914, Colorado,-1,28, Colorado_St,1,9,1,19
677,739508,20240914, Houston,1,33, Rice,-1,7,1,26
679,739508,20240914, UCF,-1,35, TCU,1,34,1,1
681,739508,20240914, Texas_Tech,1,66, North_Texas,-1,21,1,45
683,739508,20240914, Oklahoma_St,-1,45, Tulsa,1,10,1,35
685,739508,20240914, Akron,1,31, Colgate,-1,20,1,11
687,739508,20240914, New_Hampshire,1,45, Stonehill,-1,6,1,39
689,739508,20240914, Montana,1,59, Morehead_St,-1,2,1,57
691,739508,20240914, Lehigh,-1,20, LIU_Post,1,17,1,3
693,739508,20240914, Robert_Morris,1,55, Mercyhurst,-1,28,1,27
695,739508,20240914, McNeese_St,1,28, SF_Austin,-1,24,1,4
697,739513,20240919, South_Alabama,-1,48, Appalachian_St,1,14,1,34
699,739514,20240920, Illinois,-1,31, Nebraska,1,24,1,7
701,739514,20240920, Stanford,-1,26, Syracuse,1,24,1,2
703,739514,20240920, Washington_St,1,54, San_Jose_St,-1,52,1,2
705,739515,20240921, CS_Sacramento,-1,34, East_Texas_A&M,1,0,1,34
707,739515,20240921, Florida_St,1,14, California,-1,9,1,5
709,739515,20240921, Stony_Brook,-1,24, Campbell,1,17,1,7
711,739515,20240921, Cent_Arkansas,-1,56, Ark_Pine_Bluff,1,17,1,39
713,739515,20240921, Cincinnati,1,34, Houston,-1,0,1,34
715,739515,20240921, Mercer,1,38, Citadel,-1,21,1,17
717,739515,20240921, McNeese_St,1,42, Alcorn_St,-1,14,1,28
719,739515,20240921, Virginia,-1,43, Coastal_Car,1,24,1,19
721,739515,20240921, Connecticut,1,48, FL_Atlantic,-1,14,1,34
723,739515,20240921, Dartmouth,1,45, Fordham,-1,13,1,32
725,739515,20240921, Richmond,-1,38, Delaware_St,1,24,1,14
727,739515,20240921, UC_Davis,1,32, Utah_Tech,-1,14,1,18
729,739515,20240921, South_Dakota,1,42, Drake,-1,3,1,39
731,739515,20240921, Duke,-1,45, MTSU,1,17,1,28
733,739515,20240921, Liberty,1,35, East_Carolina,-1,24,1,11
735,739515,20240921, ETSU,-1,34, Elon,1,14,1,20
737,739515,20240921, Illinois_St,1,31, E_Illinois,-1,7,1,24
739,739515,20240921, E_Kentucky,1,42, Morehead_St,-1,13,1,29
741,739515,20240921, E_Michigan,1,36, St_Francis_PA,-1,0,1,36
743,739515,20240921, Nevada,1,49, E_Washington,-1,16,1,33
745,739515,20240921, Florida,-1,45, Mississippi_St,1,28,1,17
747,739515,20240921, Troy,1,34, Florida_A&M,-1,12,1,22
749,739515,20240921, Monmouth_NJ,-1,45, Florida_Intl,1,42,1,3
751,739515,20240921, William_&_Mary,1,34, Furman,-1,24,1,10
753,739515,20240921, Mississippi,1,52, Ga_Southern,-1,13,1,39
755,739515,20240921, Texas_Tech,1,30, Arizona_St,-1,22,1,8
757,739515,20240921, Hampton,-1,27, Howard,1,20,1,7
759,739515,20240921, Hawaii,1,36, Northern_Iowa,-1,7,1,29
761,739515,20240921, Iowa_St,1,52, Arkansas_St,-1,7,1,45
763,739515,20240921, UT_San_Antonio,1,45, Houston_Chr,-1,7,1,38
765,739515,20240921, Idaho,-1,27, Abilene_Chr,1,24,1,3
767,739515,20240921, Idaho_St,1,38, Southern_Utah,-1,28,1,10
769,739515,20240921, Grambling,1,41, Jackson_St,-1,20,1,21
771,739515,20240921, Jacksonville_St,1,44, Southern_Miss,-1,7,1,37
773,739515,20240921, James_Madison,-1,70, North_Carolina,1,50,1,20
775,739515,20240921, Penn_St,1,56, Kent,-1,0,1,56
777,739515,20240921, Arkansas,-1,24, Auburn,1,14,1,10
779,739515,20240921, Texas,1,51, ULM,-1,3,1,48
781,739515,20240921, Tulsa,-1,23, Louisiana_Tech,1,20,1,3
783,739515,20240921, Maine,-1,26, Merrimack,1,15,1,11
785,739515,20240921, Bucknell,1,34, Marist,-1,18,1,16
787,739515,20240921, Austin_Peay,1,59, Alabama_A&M,-1,16,1,43
789,739515,20240921, Notre_Dame,1,28, Miami_OH,-1,3,1,25
791,739515,20240921, Boston_College,1,23, Michigan_St,-1,19,1,4
793,739515,20240921, Nicholls_St,1,66, MS_Valley_St,-1,0,1,66
795,739515,20240921, Missouri,1,30, Vanderbilt,-1,27,1,3
797,739515,20240921, Missouri_St,-1,31, TN_Martin,1,24,1,7
799,739515,20240921, C_Michigan,1,37, Ball_St,-1,34,1,3
801,739515,20240921, Sam_Houston_St,1,31, New_Mexico_St,-1,11,1,20
803,739515,20240921, Norfolk_St,-1,32, VMI,1,10,1,22
805,739515,20240921, NC_Central,1,66, NC_A&T,-1,24,1,42
807,739515,20240921, N_Dakota_St,1,41, Towson,-1,24,1,17
809,739515,20240921, Colorado,1,38, Baylor,-1,31,1,7
811,739515,20240921, Incarnate_Word,1,38, Northern_Arizona,-1,14,1,24
813,739515,20240921, SF_Austin,1,48, N_Colorado,-1,7,1,41
815,739515,20240921, Buffalo,-1,23, N_Illinois,1,20,1,3
817,739515,20240921, Weber_St,-1,39, Northwestern_LA,1,0,1,39
819,739515,20240921, Kentucky,1,41, Ohio,-1,6,1,35
821,739515,20240921, Pittsburgh,1,73, Youngstown_St,-1,17,1,56
823,739515,20240921, Boise_St,1,56, Portland_St,-1,14,1,42
825,739515,20240921, Southern_Univ,-1,31, Prairie_View,1,24,1,7
827,739515,20240921, Rhode_Island,-1,28, LIU_Post,1,21,1,7
829,739515,20240921, Robert_Morris,-1,21, Wagner,1,14,1,7
831,739515,20240921, Rutgers,-1,26, Virginia_Tech,1,23,1,3
833,739515,20240921, Stonehill,1,35, Sacred_Heart,-1,21,1,14
835,739515,20240921, Lindenwood,1,64, St_Thomas_MN,-1,0,1,64
837,739515,20240921, S_Dakota_St,-1,41, SE_Louisiana,1,0,1,41
839,739515,20240921, Miami_FL,-1,50, South_Florida,1,15,1,35
841,739515,20240921, SMU,1,66, TCU,-1,42,1,24
843,739515,20240921, Tennessee,-1,25, Oklahoma,1,15,1,10
845,739515,20240921, Tennessee_Tech,1,24, Tennessee_St,-1,14,1,10
847,739515,20240921, Lamar,1,20, TX_Southern,-1,17,1,3
849,739515,20240921, Colorado_St,1,27, UTEP,-1,17,1,10
851,739515,20240921, WKU,1,26, Toledo,-1,21,1,5
853,739515,20240921, Tulane,-1,41, Louisiana,1,33,1,8
855,739515,20240921, Indiana,1,52, Charlotte,-1,14,1,38
857,739515,20240921, Michigan,1,27, USC,-1,24,1,3
859,739515,20240921, Utah,-1,22, Oklahoma_St,1,19,1,3
861,739515,20240921, Temple,1,45, Utah_St,-1,29,1,16
863,739515,20240921, Maryland,1,38, Villanova,-1,20,1,18
865,739515,20240921, Washington,1,24, Northwestern,-1,5,1,19
867,739515,20240921, West_Virginia,1,32, Kansas,-1,28,1,4
869,739515,20240921, Montana,1,46, W_Carolina,-1,35,1,11
871,739515,20240921, North_Texas,1,44, Wyoming,-1,17,1,27
873,739515,20240921, LSU,1,34, UCLA,-1,17,1,17
875,739515,20240921, South_Carolina,1,50, Akron,-1,7,1,43
877,739515,20240921, Texas_A&M,1,26, Bowling_Green,-1,20,1,6
879,739515,20240921, Iowa,-1,31, Minnesota,1,14,1,17
881,739515,20240921, Ohio_St,1,49, Marshall,-1,14,1,35
883,739515,20240921, Massachusetts,1,35, Central_Conn,-1,31,1,4
885,739515,20240921, Clemson,1,59, NC_State,-1,35,1,24
887,739515,20240921, Louisville,1,31, Georgia_Tech,-1,19,1,12
889,739515,20240921, BYU,1,38, Kansas_St,-1,9,1,29
891,739515,20240921, Fresno_St,-1,38, New_Mexico,1,21,1,17
893,739515,20240921, Oregon_St,1,38, Purdue,-1,21,1,17
895,739515,20240921, Army,1,37, Rice,-1,14,1,23
897,739515,20240921, Navy,1,56, Memphis,-1,44,1,12
899,739515,20240921, New_Hampshire,1,38, Bryant,-1,17,1,21
901,739515,20240921, Delaware,1,29, Penn,-1,22,1,7
903,739515,20240921, North_Dakota,1,41, San_Diego,-1,24,1,17
905,739515,20240921, SE_Missouri_St,-1,38, S_Illinois,1,21,1,17
907,739515,20240921, Harvard,1,35, Stetson,-1,0,1,35
909,739515,20240921, Brown,-1,26, Georgetown,1,14,1,12
911,739515,20240921, Lehigh,1,35, Princeton,-1,20,1,15
913,739515,20240921, Colgate,1,41, Cornell,-1,24,1,17
915,739515,20240921, Gardner_Webb,-1,42, Presbyterian,1,21,1,21
917,739515,20240921, Columbia,1,31, Lafayette,-1,20,1,11
919,739515,20240921, Yale,-1,38, Holy_Cross,1,31,1,7
921,739515,20240921, Montana_St,1,52, Mercyhurst,-1,13,1,39
923,739515,20240921, Tarleton_St,-1,28, North_Alabama,1,14,1,14
925,739520,20240926, Army,-1,42, Temple,1,14,1,28
927,739521,20240927, Rutgers,1,21, Washington,-1,18,1,3
929,739521,20240927, Miami_FL,1,38, Virginia_Tech,-1,34,1,4
931,739522,20240928, Alabama_St,-1,26, Bethune-Cookman,1,21,1,5
933,739522,20240928, Northern_Arizona,1,34, CS_Sacramento,-1,16,1,18
935,739522,20240928, Campbell,1,44, Delaware_St,-1,41,1,3
937,739522,20240928, Maine,-1,34, SUNY_Albany,1,20,1,14
939,739522,20240928, Cent_Arkansas,1,34, Lamar,-1,14,1,20
941,739522,20240928, Tennessee_St,1,13, Charleston_So,-1,9,1,4
943,739522,20240928, Texas_Tech,1,44, Cincinnati,-1,41,1,3
945,739522,20240928, Alcorn_St,-1,42, MS_Valley_St,1,21,1,21
947,739522,20240928, Connecticut,1,47, Buffalo,-1,3,1,44
949,739522,20240928, Abilene_Chr,-1,55, Utah_Tech,1,30,1,25
951,739522,20240928, Dartmouth,-1,16, Merrimack,1,14,1,2
953,739522,20240928, Drake,1,30, San_Diego,-1,28,1,2
955,739522,20240928, East_Carolina,1,30, UT_San_Antonio,-1,20,1,10
957,739522,20240928, ETSU,-1,34, Citadel,1,17,1,17
959,739522,20240928, E_Michigan,-1,52, Kent,1,33,1,19
961,739522,20240928, Montana,-1,52, E_Washington,1,49,1,3
963,739522,20240928, FL_Atlantic,1,41, Wagner,-1,10,1,31
965,739522,20240928, Florida_Intl,1,17, Louisiana_Tech,-1,10,1,7
967,739522,20240928, Tennessee_Tech,-1,52, Gardner_Webb,1,21,1,31
969,739522,20240928, Ga_Southern,-1,38, Georgia_St,1,21,1,17
971,739522,20240928, Arizona,-1,23, Utah,1,10,1,13
973,739522,20240928, William_&_Mary,1,49, Hampton,-1,7,1,42
975,739522,20240928, Brown,1,31, Harvard,-1,28,1,3
977,739522,20240928, Syracuse,1,42, Holy_Cross,-1,14,1,28
979,739522,20240928, Houston_Chr,-1,27, Indiana_St,1,24,1,3
981,739522,20240928, UC_Davis,1,28, Idaho,-1,26,1,2
983,739522,20240928, Montana_St,-1,37, Idaho_St,1,17,1,20
985,739522,20240928, Penn_St,1,21, Illinois,-1,7,1,14
987,739522,20240928, N_Dakota_St,-1,42, Illinois_St,1,10,1,32
989,739522,20240928, Iowa_St,-1,20, Houston,1,0,1,20
991,739522,20240928, Jackson_St,-1,43, TX_Southern,1,14,1,29
993,739522,20240928, TN_Martin,-1,24, Kennesaw,1,13,1,11
995,739522,20240928, Oklahoma,-1,27, Auburn,1,21,1,6
997,739522,20240928, Lindenwood,-1,28, E_Illinois,1,25,1,3
999,739522,20240928, ULM,-1,13, Troy,1,9,1,4
1001,739522,20240928, Southern_Utah,-1,28, Austin_Peay,1,17,1,11
1003,739522,20240928, Mercer,-1,22, Wofford,1,3,1,19
1005,739522,20240928, Miami_OH,1,23, Massachusetts,-1,20,1,3
1007,739522,20240928, Memphis,1,24, MTSU,-1,7,1,17
1009,739522,20240928, Missouri_St,1,38, Youngstown_St,-1,31,1,7
1011,739522,20240928, James_Madison,1,63, Ball_St,-1,7,1,56
1013,739522,20240928, Monmouth_NJ,1,63, Fordham,-1,21,1,42
1015,739522,20240928, Stony_Brook,1,22, Morgan_St,-1,3,1,19
1017,739522,20240928, UNLV,1,59, Fresno_St,-1,14,1,45
1019,739522,20240928, New_Mexico,-1,50, New_Mexico_St,1,40,1,10
1021,739522,20240928, S_Carolina_St,1,45, NC_A&T,-1,25,1,20
1023,739522,20240928, BYU,-1,34, Baylor,1,28,1,6
1025,739522,20240928, Cal_Poly,-1,28, N_Colorado,1,7,1,21
1027,739522,20240928, NC_State,1,24, N_Illinois,-1,17,1,7
1029,739522,20240928, SE_Missouri_St,1,19, Northwestern_LA,-1,0,1,19
1031,739522,20240928, Ohio,1,30, Akron,-1,10,1,20
1033,739522,20240928, Old_Dominion,-1,30, Bowling_Green,1,27,1,3
1035,739522,20240928, Chattanooga,1,45, Portland_St,-1,30,1,15
1037,739522,20240928, Prairie_View,0,36, Grambling,0,34,1,2
1039,739522,20240928, Richmond,-1,27, Elon,1,17,1,10
1041,739522,20240928, Delaware,1,49, Sacred_Heart,-1,0,1,49
1043,739522,20240928, Sam_Houston_St,0,40, Texas_St,0,39,1,1
1045,739522,20240928, C_Michigan,1,22, San_Diego_St,-1,21,1,1
1047,739522,20240928, LSU,1,42, South_Alabama,-1,10,1,32
1049,739522,20240928, South_Dakota,1,42, S_Illinois,-1,13,1,29
1051,739522,20240928, Tulane,1,45, South_Florida,-1,10,1,35
1053,739522,20240928, Tarleton_St,1,36, SE_Louisiana,-1,33,1,3
1055,739522,20240928, Clemson,1,40, Stanford,-1,14,1,26
1057,739522,20240928, Boston_College,1,21, WKU,-1,20,1,1
1059,739522,20240928, TCU,0,38, Kansas,0,27,1,11
1061,739522,20240928, Charlotte,-1,21, Rice,1,20,1,1
1063,739522,20240928, USC,1,38, Wisconsin,-1,21,1,17
1065,739522,20240928, Morehead_St,1,17, Valparaiso,-1,5,1,12
1067,739522,20240928, Villanova,1,24, LIU_Post,-1,10,1,14
1069,739522,20240928, Boise_St,1,45, Washington_St,-1,24,1,21
1071,739522,20240928, Marshall,1,27, W_Michigan,-1,20,1,7
1073,739522,20240928, Wyoming,1,31, Air_Force,-1,19,1,12
1075,739522,20240928, Texas_A&M,0,21, Arkansas,0,17,1,4
1077,739522,20240928, Alabama,1,41, Georgia,-1,34,1,7
1079,739522,20240928, Kentucky,-1,20, Mississippi,1,17,1,3
1081,739522,20240928, Texas,1,35, Mississippi_St,-1,13,1,22
1083,739522,20240928, Indiana,1,42, Maryland,-1,28,1,14
1085,739522,20240928, Michigan,1,27, Minnesota,-1,24,1,3
1087,739522,20240928, Ohio_St,-1,38, Michigan_St,1,7,1,31
1089,739522,20240928, Nebraska,-1,28, Purdue,1,10,1,18
1091,739522,20240928, Oregon,-1,34, UCLA,1,13,1,21
1093,739522,20240928, Notre_Dame,1,31, Louisville,-1,24,1,7
1095,739522,20240928, Duke,1,21, North_Carolina,-1,20,1,1
1097,739522,20240928, SMU,1,42, Florida_St,-1,16,1,26
1099,739522,20240928, Louisiana,-1,41, Wake_Forest,1,38,1,3
1101,739522,20240928, Kansas_St,1,42, Oklahoma_St,-1,20,1,22
1103,739522,20240928, Colorado,-1,48, UCF,1,21,1,27
1105,739522,20240928, Navy,-1,41, UAB,1,18,1,23
1107,739522,20240928, North_Texas,1,52, Tulsa,-1,20,1,32
1109,739522,20240928, North_Alabama,-1,25, West_Georgia,1,16,1,9
1111,739522,20240928, North_Dakota,1,72, Murray_St,-1,35,1,37
1113,739522,20240928, Dayton,-1,47, Marist,1,14,1,33
1115,739522,20240928, Princeton,1,30, Howard,-1,13,1,17
1117,739522,20240928, Georgetown,1,20, Columbia,-1,17,1,3
1119,739522,20240928, Cornell,1,47, Yale,-1,23,1,24
1121,739522,20240928, Bucknell,-1,38, Lehigh,1,35,1,3
1123,739522,20240928, McNeese_St,-1,28, Weber_St,1,26,1,2
1125,739522,20240928, Penn,1,27, Colgate,-1,17,1,10
1127,739522,20240928, NC_Central,0,37, Norfolk_St,0,10,1,27
1129,739522,20240928, E_Kentucky,1,31, Robert_Morris,-1,7,1,24
1131,739523,20240929, Davidson,1,48, Presbyterian,-1,37,1,11
1133,739527,20241003, Sam_Houston_St,-1,41, UTEP,1,21,1,20
1135,739527,20241003, Texas_St,-1,38, Troy,1,17,1,21
1137,739528,20241004, Jacksonville_St,-1,63, Kennesaw,1,24,1,39
1139,739528,20241004, Oregon,1,31, Michigan_St,-1,10,1,21
1141,739528,20241004, Syracuse,-1,44, UNLV,1,41,1,3
1143,739528,20241004, Houston,-1,30, TCU,1,19,1,11
1145,739528,20241004, Harvard,1,28, New_Hampshire,-1,23,1,5
1147,739529,20241005, Butler,1,40, Morehead_St,-1,6,1,34
1149,739529,20241005, Florida_A&M,-1,28, Alabama_St,1,13,1,15
1151,739529,20241005, Miami_FL,-1,39, California,1,38,1,1
1153,739529,20241005, NC_Central,-1,45, Campbell,1,14,1,31
1155,739529,20241005, SUNY_Albany,-1,31, Cornell,1,10,1,21
1157,739529,20241005, W_Illinois,-1,31, Charleston_So,1,20,1,11
1159,739529,20241005, Furman,-1,17, Citadel,1,16,1,1
1161,739529,20241005, Alcorn_St,1,38, Ark_Pine_Bluff,-1,28,1,10
1163,739529,20241005, Coastal_Car,1,45, Old_Dominion,-1,37,1,8
1165,739529,20241005, Connecticut,1,29, Temple,-1,20,1,9
1167,739529,20241005, St_Francis_PA,-1,28, Delaware_St,1,17,1,11
1169,739529,20241005, North_Alabama,1,60, Utah_Tech,-1,14,1,46
1171,739529,20241005, Drake,-1,27, Valparaiso,1,3,1,24
1173,739529,20241005, Georgia_Tech,1,24, Duke,-1,14,1,10
1175,739529,20241005, Duquesne,1,47, LIU_Post,-1,21,1,26
1177,739529,20241005, Charlotte,1,55, East_Carolina,-1,24,1,31
1179,739529,20241005, SE_Missouri_St,-1,38, E_Illinois,1,27,1,11
1181,739529,20241005, Florida,1,24, UCF,-1,13,1,11
1183,739529,20241005, Marshall,1,52, Appalachian_St,-1,37,1,15
1185,739529,20241005, TN_Martin,1,35, Gardner_Webb,-1,17,1,18
1187,739529,20241005, Texas_Tech,-1,28, Arizona,1,22,1,6
1189,739529,20241005, Arizona_St,1,35, Kansas,-1,31,1,4
1191,739529,20241005, Rhode_Island,-1,46, Hampton,1,44,1,2
1193,739529,20241005, San_Diego_St,1,27, Hawaii,-1,24,1,3
1195,739529,20241005, Holy_Cross,-1,38, Colgate,1,7,1,31
1197,739529,20241005, Arkansas_St,1,18, South_Alabama,-1,16,1,2
1199,739529,20241005, Idaho,1,23, Northern_Arizona,-1,17,1,6
1201,739529,20241005, Idaho_St,-1,41, Cal_Poly,1,38,1,3
1203,739529,20241005, Illinois_St,-1,45, S_Illinois,1,10,1,35
1205,739529,20241005, Youngstown_St,1,21, Indiana_St,-1,14,1,7
1207,739529,20241005, Iowa_St,1,43, Baylor,-1,21,1,22
1209,739529,20241005, Jackson_St,0,45, Alabama_A&M,0,38,1,7
1211,739529,20241005, ULM,1,21, James_Madison,-1,19,1,2
1213,739529,20241005, Georgia,1,31, Auburn,-1,13,1,18
1215,739529,20241005, Tennessee_St,-1,24, Lindenwood,1,20,1,4
1217,739529,20241005, Davidson,1,42, Marist,-1,19,1,23
1219,739529,20241005, Austin_Peay,-1,20, West_Georgia,1,16,1,4
1221,739529,20241005, Toledo,1,30, Miami_OH,-1,20,1,10
1223,739529,20241005, Texas_A&M,1,41, Missouri,-1,10,1,31
1225,739529,20241005, W_Michigan,-1,45, Ball_St,1,42,1,3
1227,739529,20241005, Delaware,-1,42, Monmouth_NJ,1,35,1,7
1229,739529,20241005, Montana_St,1,55, N_Colorado,-1,17,1,38
1231,739529,20241005, San_Jose_St,1,35, Nevada,-1,31,1,4
1233,739529,20241005, Nicholls_St,-1,51, Southern_Univ,1,7,1,44
1235,739529,20241005, Sacred_Heart,1,10, Norfolk_St,-1,3,1,7
1237,739529,20241005, Richmond,1,20, NC_A&T,-1,17,1,3
1239,739529,20241005, N_Dakota_St,1,41, North_Dakota,-1,17,1,24
1241,739529,20241005, N_Illinois,1,34, Massachusetts,-1,20,1,14
1243,739529,20241005, Penn_St,1,27, UCLA,-1,11,1,16
1245,739529,20241005, Pittsburgh,-1,34, North_Carolina,1,24,1,10
1247,739529,20241005, UC_Davis,-1,27, Portland_St,1,26,1,1
1249,739529,20241005, Incarnate_Word,1,56, Prairie_View,-1,28,1,28
1251,739529,20241005, Nebraska,1,14, Rutgers,-1,7,1,7
1253,739529,20241005, St_Thomas_MN,1,34, Stetson,-1,24,1,10
1255,739529,20241005, Samford,1,27, VMI,-1,3,1,24
1257,739529,20241005, S_Carolina_St,-1,22, Tennessee_Tech,1,20,1,2
1259,739529,20241005, South_Dakota,-1,59, Murray_St,1,0,1,59
1261,739529,20241005, S_Dakota_St,-1,41, Northern_Iowa,1,3,1,38
1263,739529,20241005, SMU,-1,34, Louisville,1,27,1,7
1265,739529,20241005, Tarleton_St,-1,38, Southern_Utah,1,37,1,1
1267,739529,20241005, Virginia_Tech,-1,31, Stanford,1,7,1,24
1269,739529,20241005, Villanova,-1,42, Stony_Brook,1,24,1,18
1271,739529,20241005, Arkansas,1,19, Tennessee,-1,14,1,5
1273,739529,20241005, Chattanooga,-1,17, ETSU,1,10,1,7
1275,739529,20241005, Virginia,1,24, Boston_College,-1,14,1,10
1277,739529,20241005, Towson,1,34, William_&_Mary,-1,27,1,7
1279,739529,20241005, Tulane,-1,71, UAB,1,20,1,51
1281,739529,20241005, Minnesota,1,24, USC,-1,17,1,7
1283,739529,20241005, Boise_St,1,62, Utah_St,-1,30,1,32
1285,739529,20241005, Wagner,-1,28, Stonehill,1,7,1,21
1287,739529,20241005, Washington,1,27, Michigan,-1,17,1,10
1289,739529,20241005, West_Virginia,-1,38, Oklahoma_St,1,14,1,24
1291,739529,20241005, Wisconsin,1,52, Purdue,-1,6,1,46
1293,739529,20241005, W_Carolina,1,21, Wofford,-1,17,1,4
1295,739529,20241005, Mississippi,-1,27, South_Carolina,1,3,1,24
1297,739529,20241005, Vanderbilt,1,40, Alabama,-1,35,1,5
1299,739529,20241005, Indiana,-1,41, Northwestern,1,24,1,17
1301,739529,20241005, Ohio_St,1,35, Iowa,-1,7,1,28
1303,739529,20241005, Clemson,-1,29, Florida_St,1,13,1,16
1305,739529,20241005, Wake_Forest,-1,34, NC_State,1,30,1,4
1307,739529,20241005, Navy,-1,34, Air_Force,1,7,1,27
1309,739529,20241005, Oregon_St,1,39, Colorado_St,-1,31,1,8
1311,739529,20241005, Louisiana,-1,23, Southern_Miss,1,13,1,10
1313,739529,20241005, Bowling_Green,-1,27, Akron,1,20,1,7
1315,739529,20241005, Army,-1,49, Tulsa,1,7,1,42
1317,739529,20241005, Bryant,-1,42, Brown,1,35,1,7
1319,739529,20241005, Weber_St,-1,55, Montana,1,48,1,7
1321,739529,20241005, San_Diego,1,27, Presbyterian,-1,21,1,6
1323,739529,20241005, Dartmouth,1,20, Penn,-1,17,1,3
1325,739529,20241005, Columbia,1,34, Princeton,-1,17,1,17
1327,739529,20241005, Yale,1,23, Central_Conn,-1,22,1,1
1329,739529,20241005, Lafayette,-1,28, Fordham,1,23,1,5
1331,739529,20241005, Abilene_Chr,1,41, Cent_Arkansas,-1,34,1,7
1333,739529,20241005, SF_Austin,1,59, Northwestern_LA,-1,17,1,42
1335,739529,20241005, SE_Louisiana,1,21, East_Texas_A&M,-1,9,1,12
1337,739529,20241005, Houston_Chr,1,43, McNeese_St,-1,22,1,21
1339,739532,20241008, Liberty,1,31, Florida_Intl,-1,24,1,7
1341,739533,20241009, Jacksonville_St,1,54, New_Mexico_St,-1,13,1,41
1343,739534,20241010, James_Madison,1,39, Coastal_Car,-1,7,1,32
1345,739534,20241010, Louisiana_Tech,1,48, MTSU,-1,21,1,27
1347,739534,20241010, WKU,1,44, UTEP,-1,17,1,27
1349,739535,20241011, Arizona_St,1,27, Utah,-1,19,1,8
1351,739535,20241011, Harvard,-1,38, Cornell,1,20,1,18
1353,739535,20241011, Ark_Pine_Bluff,1,21, Prairie_View,-1,17,1,4
1355,739535,20241011, UNLV,-1,50, Utah_St,1,34,1,16
1357,739535,20241011, Northwestern,-1,37, Maryland,1,10,1,27
1359,739536,20241012, Drake,1,27, Butler,-1,17,1,10
1361,739536,20241012, Alabama_St,1,54, MS_Valley_St,-1,17,1,37
1363,739536,20241012, E_Washington,-1,35, CS_Sacramento,1,28,1,7
1365,739536,20241012, Pittsburgh,1,17, California,-1,15,1,2
1367,739536,20241012, SUNY_Albany,-1,24, Bryant,1,17,1,7
1369,739536,20241012, Lindenwood,1,29, Charleston_So,-1,14,1,15
1371,739536,20241012, Cincinnati,-1,19, UCF,1,13,1,6
1373,739536,20241012, W_Carolina,1,30, Citadel,-1,16,1,14
1375,739536,20241012, Alcorn_St,-1,17, Grambling,1,15,1,2
1377,739536,20241012, North_Alabama,1,47, Abilene_Chr,-1,34,1,13
1379,739536,20241012, Dartmouth,-1,44, Yale,1,43,1,1
1381,739536,20241012, Robert_Morris,1,23, Delaware_St,-1,0,1,23
1383,739536,20241012, Tarleton_St,1,42, Utah_Tech,-1,0,1,42
1385,739536,20241012, Duquesne,-1,38, St_Francis_PA,1,7,1,31
1387,739536,20241012, ETSU,1,31, Samford,-1,28,1,3
1389,739536,20241012, Tennessee_St,1,41, E_Illinois,-1,17,1,24
1391,739536,20241012, New_Hampshire,-1,17, Elon,1,10,1,7
1393,739536,20241012, Tennessee,1,23, Florida,-1,17,1,6
1395,739536,20241012, North_Texas,-1,41, FL_Atlantic,1,37,1,4
1397,739536,20241012, Louisiana,1,34, Appalachian_St,-1,24,1,10
1399,739536,20241012, Chattanooga,-1,41, Furman,1,10,1,31
1401,739536,20241012, Ga_Southern,1,24, Marshall,-1,23,1,1
1403,739536,20241012, Old_Dominion,-1,21, Georgia_St,1,14,1,7
1405,739536,20241012, BYU,1,41, Arizona,-1,19,1,22
1407,739536,20241012, Boise_St,-1,28, Hawaii,1,7,1,21
1409,739536,20241012, Texas_St,1,41, Arkansas_St,-1,9,1,32
1411,739536,20241012, Montana_St,1,38, Idaho,-1,7,1,31
1413,739536,20241012, Portland_St,-1,42, Idaho_St,1,38,1,4
1415,739536,20241012, Illinois,1,50, Purdue,-1,49,1,1
1417,739536,20241012, Missouri_St,-1,41, Illinois_St,1,7,1,34
1419,739536,20241012, Incarnate_Word,1,55, Nicholls_St,-1,10,1,45
1421,739536,20241012, Indiana_St,1,31, Murray_St,-1,27,1,4
1423,739536,20241012, Iowa_St,-1,28, West_Virginia,1,16,1,12
1425,739536,20241012, Ball_St,-1,37, Kent,1,35,1,2
1427,739536,20241012, ULM,1,38, Southern_Miss,-1,21,1,17
1429,739536,20241012, Delaware,1,44, Maine,-1,21,1,23
1431,739536,20241012, St_Thomas_MN,-1,39, Marist,1,32,1,7
1433,739536,20241012, Mercer,1,34, Princeton,-1,7,1,27
1435,739536,20241012, Merrimack,-1,32, Morgan_St,1,24,1,8
1437,739536,20241012, Miami_OH,-1,38, E_Michigan,1,14,1,24
1439,739536,20241012, Missouri,-1,45, Massachusetts,1,3,1,42
1441,739536,20241012, Nevada,1,42, Oregon_St,-1,37,1,5
1443,739536,20241012, Towson,-1,28, Norfolk_St,1,23,1,5
1445,739536,20241012, N_Dakota_St,-1,24, S_Illinois,1,3,1,21
1447,739536,20241012, Montana,1,31, Northern_Arizona,-1,20,1,11
1449,739536,20241012, N_Colorado,-1,21, Weber_St,1,17,1,4
1451,739536,20241012, N_Illinois,-1,17, Bowling_Green,1,7,1,10
1453,739536,20241012, Ohio,-1,27, C_Michigan,1,25,1,2
1455,739536,20241012, Penn_St,-1,33, USC,1,30,1,3
1457,739536,20241012, Wisconsin,-1,42, Rutgers,1,7,1,35
1459,739536,20241012, Alabama_A&M,1,56, Bethune-Cookman,-1,12,1,44
1461,739536,20241012, San_Diego_St,-1,27, Wyoming,1,24,1,3
1463,739536,20241012, Memphis,-1,21, South_Florida,1,3,1,18
1465,739536,20241012, SE_Missouri_St,1,34, Tennessee_Tech,-1,3,1,31
1467,739536,20241012, Southern_Univ,-1,22, TX_Southern,1,19,1,3
1469,739536,20241012, Notre_Dame,1,49, Stanford,-1,7,1,42
1471,739536,20241012, TN_Martin,-1,45, W_Illinois,1,17,1,28
1473,739536,20241012, Buffalo,1,30, Toledo,-1,15,1,15
1475,739536,20241012, UC_Davis,1,56, Cal_Poly,-1,10,1,46
1477,739536,20241012, Wofford,1,31, VMI,-1,16,1,15
1479,739536,20241012, Columbia,-1,24, Wagner,1,6,1,18
1481,739536,20241012, Iowa,1,40, Washington,-1,16,1,24
1483,739536,20241012, Washington_St,-1,25, Fresno_St,1,17,1,8
1485,739536,20241012, W_Michigan,1,34, Akron,-1,24,1,10
1487,739536,20241012, S_Dakota_St,1,63, Youngstown_St,-1,13,1,50
1489,739536,20241012, Alabama,1,27, South_Carolina,-1,25,1,2
1491,739536,20241012, Georgia,1,41, Mississippi_St,-1,31,1,10
1493,739536,20241012, Vanderbilt,-1,20, Kentucky,1,13,1,7
1495,739536,20241012, LSU,1,29, Mississippi,-1,26,1,3
1497,739536,20241012, Texas,0,34, Oklahoma,0,3,1,31
1499,739536,20241012, Minnesota,-1,21, UCLA,1,17,1,4
1501,739536,20241012, Oregon,1,32, Ohio_St,-1,31,1,1
1503,739536,20241012, Syracuse,-1,24, NC_State,1,17,1,7
1505,739536,20241012, Clemson,-1,49, Wake_Forest,1,14,1,35
1507,739536,20241012, Georgia_Tech,-1,41, North_Carolina,1,34,1,7
1509,739536,20241012, Louisville,-1,24, Virginia,1,20,1,4
1511,739536,20241012, Kansas_St,-1,31, Colorado,1,28,1,3
1513,739536,20241012, New_Mexico,1,52, Air_Force,-1,37,1,15
1515,739536,20241012, Colorado_St,1,31, San_Jose_St,-1,24,1,7
1517,739536,20241012, Army,1,44, UAB,-1,10,1,34
1519,739536,20241012, Rice,1,29, UT_San_Antonio,-1,27,1,2
1521,739536,20241012, Rhode_Island,1,31, Brown,-1,21,1,10
1523,739536,20241012, Dayton,1,16, Davidson,-1,14,1,2
1525,739536,20241012, Morehead_St,1,14, Presbyterian,-1,7,1,7
1527,739536,20241012, South_Dakota,1,42, Northern_Iowa,-1,17,1,25
1529,739536,20241012, LIU_Post,1,31, Stonehill,-1,7,1,24
1531,739536,20241012, Georgetown,-1,17, Lafayette,1,0,1,17
1533,739536,20241012, Holy_Cross,1,19, Fordham,-1,16,1,3
1535,739536,20241012, Howard,1,21, Sacred_Heart,-1,14,1,7
1537,739536,20241012, SF_Austin,-1,27, Lamar,1,20,1,7
1539,739536,20241012, East_Texas_A&M,-1,42, Northwestern_LA,1,21,1,21
1541,739536,20241012, SE_Louisiana,-1,37, Houston_Chr,1,7,1,30
1543,739536,20241012, Central_Conn,1,38, Mercyhurst,-1,20,1,18
1545,739536,20241012, Penn,1,31, Bucknell,-1,21,1,10
1547,739536,20241012, Southern_Utah,1,42, E_Kentucky,-1,21,1,21
1549,739536,20241012, Cent_Arkansas,1,34, West_Georgia,-1,33,1,1
1551,739539,20241015, MTSU,1,14, Kennesaw,-1,5,1,9
1553,739539,20241015, New_Mexico_St,1,33, Louisiana_Tech,-1,30,1,3
1555,739539,20241015, South_Alabama,1,25, Troy,-1,9,1,16
1557,739540,20241016, UTEP,1,30, Florida_Intl,-1,21,1,9
1559,739540,20241016, WKU,-1,31, Sam_Houston_St,1,14,1,17
1561,739541,20241017, Marshall,1,35, Georgia_St,-1,20,1,15
1563,739541,20241017, Virginia_Tech,1,42, Boston_College,-1,21,1,21
1565,739542,20241018, Duke,1,23, Florida_St,-1,16,1,7
1567,739542,20241018, Fresno_St,-1,24, Nevada,1,21,1,3
1569,739542,20241018, Oregon,-1,35, Purdue,1,0,1,35
1571,739542,20241018, BYU,1,38, Oklahoma_St,-1,35,1,3
1573,739542,20241018, Princeton,1,29, Brown,-1,17,1,12
1575,739543,20241019, Dayton,-1,21, Butler,1,14,1,7
1577,739543,20241019, CS_Sacramento,1,51, Weber_St,-1,48,1,3
1579,739543,20241019, NC_State,-1,24, California,1,23,1,1
1581,739543,20241019, William_&_Mary,1,35, Campbell,-1,28,1,7
1583,739543,20241019, Elon,-1,30, SUNY_Albany,1,14,1,16
1585,739543,20241019, SE_Missouri_St,-1,26, Charleston_So,1,13,1,13
1587,739543,20241019, Cincinnati,1,24, Arizona_St,-1,14,1,10
1589,739543,20241019, Southern_Univ,1,24, Alcorn_St,-1,14,1,10
1591,739543,20241019, Louisiana,-1,34, Coastal_Car,1,24,1,10
1593,739543,20241019, Wake_Forest,-1,23, Connecticut,1,20,1,3
1595,739543,20241019, Dartmouth,1,20, Central_Conn,-1,16,1,4
1597,739543,20241019, Drake,-1,19, Presbyterian,1,16,1,3
1599,739543,20241019, Army,1,45, East_Carolina,-1,28,1,17
1601,739543,20241019, E_Michigan,1,38, C_Michigan,-1,34,1,4
1603,739543,20241019, UC_Davis,-1,48, E_Washington,1,38,1,10
1605,739543,20241019, Florida,1,48, Kentucky,-1,20,1,28
1607,739543,20241019, Jackson_St,1,35, Florida_A&M,-1,21,1,14
1609,739543,20241019, UT_San_Antonio,1,38, FL_Atlantic,-1,24,1,14
1611,739543,20241019, W_Carolina,-1,52, Furman,1,20,1,32
1613,739543,20241019, Gardner_Webb,1,42, Lindenwood,-1,35,1,7
1615,739543,20241019, Ga_Southern,1,28, James_Madison,-1,14,1,14
1617,739543,20241019, Colorado,-1,34, Arizona,1,7,1,27
1619,739543,20241019, Hampton,-1,59, NC_A&T,1,17,1,42
1621,739543,20241019, Washington_St,1,42, Hawaii,-1,10,1,32
1623,739543,20241019, Harvard,1,35, Holy_Cross,-1,34,1,1
1625,739543,20241019, Arkansas_St,-1,44, Southern_Miss,1,28,1,16
1627,739543,20241019, Northern_Arizona,1,30, Idaho_St,-1,26,1,4
1629,739543,20241019, Grambling,1,31, Ark_Pine_Bluff,-1,21,1,10
1631,739543,20241019, Illinois_St,-1,40, Murray_St,1,32,1,8
1633,739543,20241019, Missouri_St,1,46, Indiana_St,-1,21,1,25
1635,739543,20241019, Iowa_St,1,38, UCF,-1,35,1,3
1637,739543,20241019, Bowling_Green,1,27, Kent,-1,6,1,21
1639,739543,20241019, Missouri,1,21, Auburn,-1,17,1,4
1641,739543,20241019, Maine,1,35, Villanova,-1,7,1,28
1643,739543,20241019, San_Diego,1,34, Marist,-1,6,1,28
1645,739543,20241019, Samford,1,55, Mercer,-1,35,1,20
1647,739543,20241019, Merrimack,1,48, Stonehill,-1,28,1,20
1649,739543,20241019, Bethune-Cookman,-1,20, MS_Valley_St,1,10,1,10
1651,739543,20241019, Vanderbilt,1,24, Ball_St,-1,14,1,10
1653,739543,20241019, Monmouth_NJ,1,55, Bryant,-1,17,1,38
1655,739543,20241019, Montana_St,-1,44, Portland_St,1,14,1,30
1657,739543,20241019, UNLV,-1,33, Oregon_St,1,25,1,8
1659,739543,20241019, N_Dakota_St,1,13, S_Dakota_St,-1,9,1,4
1661,739543,20241019, Baylor,-1,59, Texas_Tech,1,35,1,24
1663,739543,20241019, Toledo,-1,13, N_Illinois,1,6,1,7
1665,739543,20241019, Miami_OH,1,30, Ohio,-1,20,1,10
1667,739543,20241019, Old_Dominion,1,24, Texas_St,-1,14,1,10
1669,739543,20241019, Rhode_Island,-1,26, New_Hampshire,1,9,1,17
1671,739543,20241019, Richmond,1,28, Delaware,-1,9,1,19
1673,739543,20241019, Robert_Morris,1,45, LIU_Post,-1,31,1,14
1675,739543,20241019, UCLA,-1,35, Rutgers,1,32,1,3
1677,739543,20241019, Lafayette,1,31, Sacred_Heart,-1,17,1,14
1679,739543,20241019, Wagner,1,14, St_Francis_PA,-1,0,1,14
1681,739543,20241019, St_Thomas_MN,-1,42, Valparaiso,1,14,1,28
1683,739543,20241019, South_Dakota,-1,27, Youngstown_St,1,17,1,10
1685,739543,20241019, South_Florida,1,35, UAB,-1,25,1,10
1687,739543,20241019, SMU,-1,40, Stanford,1,10,1,30
1689,739543,20241019, Stony_Brook,-1,52, Towson,1,24,1,28
1691,739543,20241019, Tennessee,1,24, Alabama,-1,17,1,7
1693,739543,20241019, Chattanooga,1,37, Wofford,-1,5,1,32
1695,739543,20241019, Tennessee_St,-1,27, Howard,1,14,1,13
1697,739543,20241019, W_Illinois,1,37, Tennessee_Tech,-1,21,1,16
1699,739543,20241019, TCU,-1,13, Utah,1,7,1,6
1701,739543,20241019, Tulane,1,24, Rice,-1,10,1,14
1703,739543,20241019, Navy,1,51, Charlotte,-1,17,1,34
1705,739543,20241019, Maryland,1,29, USC,-1,28,1,1
1707,739543,20241019, New_Mexico,-1,50, Utah_St,1,45,1,5
1709,739543,20241019, Citadel,-1,13, VMI,1,10,1,3
1711,739543,20241019, Kansas_St,-1,45, West_Virginia,1,18,1,27
1713,739543,20241019, W_Michigan,-1,48, Buffalo,1,41,1,7
1715,739543,20241019, Wisconsin,-1,23, Northwestern,1,3,1,20
1717,739543,20241019, San_Jose_St,1,24, Wyoming,-1,14,1,10
1719,739543,20241019, LSU,-1,34, Arkansas,1,10,1,24
1721,739543,20241019, Texas_A&M,-1,34, Mississippi_St,1,24,1,10
1723,739543,20241019, South_Carolina,-1,35, Oklahoma,1,9,1,26
1725,739543,20241019, Georgia,-1,30, Texas,1,15,1,15
1727,739543,20241019, Illinois,1,21, Michigan,-1,7,1,14
1729,739543,20241019, Indiana,1,56, Nebraska,-1,7,1,49
1731,739543,20241019, Michigan_St,1,32, Iowa,-1,20,1,12
1733,739543,20241019, Notre_Dame,-1,31, Georgia_Tech,1,13,1,18
1735,739543,20241019, Clemson,1,48, Virginia,-1,31,1,17
1737,739543,20241019, Miami_FL,-1,52, Louisville,1,45,1,7
1739,739543,20241019, Kansas,1,42, Houston,-1,14,1,28
1741,739543,20241019, Colorado_St,-1,21, Air_Force,1,13,1,8
1743,739543,20241019, Memphis,1,52, North_Texas,-1,44,1,8
1745,739543,20241019, Temple,1,20, Tulsa,-1,10,1,10
1747,739543,20241019, Incarnate_Word,1,30, McNeese_St,-1,17,1,13
1749,739543,20241019, Idaho,1,34, Cal_Poly,-1,29,1,5
1751,739543,20241019, North_Dakota,1,31, Northern_Iowa,-1,7,1,24
1753,739543,20241019, Davidson,1,70, Stetson,-1,48,1,22
1755,739543,20241019, Columbia,-1,23, Penn,1,17,1,6
1757,739543,20241019, Cornell,-1,34, Bucknell,1,21,1,13
1759,739543,20241019, Yale,1,38, Lehigh,-1,23,1,15
1761,739543,20241019, Colgate,1,38, Georgetown,-1,28,1,10
1763,739543,20241019, SE_Louisiana,1,24, SF_Austin,-1,23,1,1
1765,739543,20241019, Abilene_Chr,1,34, E_Kentucky,-1,20,1,14
1767,739543,20241019, Nicholls_St,1,20, Northwestern_LA,-1,0,1,20
1769,739543,20241019, Austin_Peay,-1,13, Utah_Tech,1,7,1,6
1771,739543,20241019, Lamar,-1,29, East_Texas_A&M,1,20,1,9
1773,739546,20241022, Sam_Houston_St,-1,10, Florida_Intl,1,7,1,3
1775,739546,20241022, Louisiana_Tech,1,14, UTEP,-1,10,1,4
1777,739547,20241023, Jacksonville_St,1,42, MTSU,-1,20,1,22
1779,739547,20241023, Kennesaw,1,27, Liberty,-1,24,1,3
1781,739548,20241024, Old_Dominion,1,47, Ga_Southern,-1,19,1,28
1783,739548,20241024, Pittsburgh,1,41, Syracuse,-1,13,1,28
1785,739549,20241025, Boise_St,-1,29, UNLV,1,24,1,5
1787,739549,20241025, USC,1,42, Rutgers,-1,20,1,22
1789,739549,20241025, Louisville,-1,31, Boston_College,1,27,1,4
1791,739549,20241025, Yale,-1,31, Penn,1,10,1,21
1793,739550,20241026, Butler,-1,48, Davidson,1,38,1,10
1795,739550,20241026, Alabama_St,0,27, Alabama_A&M,0,19,1,8
1797,739550,20241026, Idaho_St,1,30, CS_Sacramento,-1,27,1,3
1799,739550,20241026, California,1,44, Oregon_St,-1,7,1,37
1801,739550,20241026, Campbell,1,21, NC_A&T,-1,7,1,14
1803,739550,20241026, Delaware,1,28, SUNY_Albany,-1,14,1,14
1805,739550,20241026, Cent_Arkansas,1,24, North_Alabama,-1,19,1,5
1807,739550,20241026, Tennessee_Tech,1,28, Charleston_So,-1,23,1,5
1809,739550,20241026, Colorado,1,34, Cincinnati,-1,23,1,11
1811,739550,20241026, Connecticut,1,17, Rice,-1,10,1,7
1813,739550,20241026, Dartmouth,-1,24, Columbia,1,21,1,3
1815,739550,20241026, S_Carolina_St,1,69, Delaware_St,-1,35,1,34
1817,739550,20241026, SMU,-1,28, Duke,1,27,1,1
1819,739550,20241026, Duquesne,-1,48, Stonehill,1,34,1,14
1821,739550,20241026, East_Carolina,1,56, Temple,-1,34,1,22
1823,739550,20241026, ETSU,-1,24, Wofford,1,7,1,17
1825,739550,20241026, TN_Martin,1,52, E_Illinois,-1,17,1,35
1827,739550,20241026, Akron,1,25, E_Michigan,-1,21,1,4
1829,739550,20241026, Idaho,1,38, E_Washington,-1,28,1,10
1831,739550,20241026, Hampton,1,41, Elon,-1,21,1,20
1833,739550,20241026, Florida_A&M,1,24, Southern_Univ,-1,6,1,18
1835,739550,20241026, Appalachian_St,1,33, Georgia_St,-1,26,1,7
1837,739550,20241026, SE_Missouri_St,1,30, Gardner_Webb,-1,24,1,6
1839,739550,20241026, West_Virginia,-1,31, Arizona,1,26,1,5
1841,739550,20241026, Hawaii,1,34, Nevada,-1,13,1,21
1843,739550,20241026, Holy_Cross,-1,34, Lafayette,1,28,1,6
1845,739550,20241026, Arkansas_St,1,34, Troy,-1,31,1,3
1847,739550,20241026, Oregon,1,38, Illinois,-1,9,1,29
1849,739550,20241026, Ark_Pine_Bluff,1,35, MS_Valley_St,-1,21,1,14
1851,739550,20241026, Indiana_St,1,20, S_Illinois,-1,17,1,3
1853,739550,20241026, Jackson_St,-1,37, Bethune-Cookman,1,17,1,20
1855,739550,20241026, W_Michigan,1,52, Kent,-1,21,1,31
1857,739550,20241026, Auburn,-1,24, Kentucky,1,10,1,14
1859,739550,20241026, Lindenwood,1,49, W_Illinois,-1,38,1,11
1861,739550,20241026, South_Alabama,1,46, ULM,-1,17,1,29
1863,739550,20241026, Rhode_Island,1,24, Maine,-1,14,1,10
1865,739550,20241026, Tarleton_St,-1,27, Austin_Peay,1,17,1,10
1867,739550,20241026, Mercer,1,44, W_Carolina,-1,34,1,10
1869,739550,20241026, Merrimack,1,51, Colgate,-1,17,1,34
1871,739550,20241026, Miami_OH,1,46, C_Michigan,-1,7,1,39
1873,739550,20241026, Michigan,1,24, Michigan_St,-1,17,1,7
1875,739550,20241026, Alabama,1,34, Missouri,-1,0,1,34
1877,739550,20241026, Missouri_St,-1,49, Northern_Iowa,1,42,1,7
1879,739550,20241026, Ball_St,1,25, N_Illinois,-1,23,1,2
1881,739550,20241026, Towson,-1,26, Monmouth_NJ,1,14,1,12
1883,739550,20241026, NC_Central,1,16, Morgan_St,-1,7,1,9
1885,739550,20241026, Nicholls_St,1,24, McNeese_St,-1,19,1,5
1887,739550,20241026, Norfolk_St,1,21, Howard,-1,20,1,1
1889,739550,20241026, N_Dakota_St,-1,59, Murray_St,1,6,1,53
1891,739550,20241026, Baylor,1,38, Oklahoma_St,-1,28,1,10
1893,739550,20241026, Montana,-1,24, N_Colorado,1,0,1,24
1895,739550,20241026, Ohio,1,47, Buffalo,-1,16,1,31
1897,739550,20241026, Penn_St,-1,28, Wisconsin,1,13,1,15
1899,739550,20241026, Prairie_View,1,34, East_Texas_A&M,-1,27,1,7
1901,739550,20241026, Richmond,-1,41, Bryant,1,14,1,27
1903,739550,20241026, Robert_Morris,1,17, St_Francis_PA,-1,0,1,17
1905,739550,20241026, St_Thomas_MN,1,34, San_Diego,-1,14,1,20
1907,739550,20241026, Citadel,1,28, Samford,-1,11,1,17
1909,739550,20241026, Washington_St,-1,29, San_Diego_St,1,26,1,3
1911,739550,20241026, S_Dakota_St,1,20, South_Dakota,-1,17,1,3
1913,739550,20241026, Stony_Brook,1,35, William_&_Mary,-1,13,1,22
1915,739550,20241026, Chattanooga,1,31, VMI,-1,10,1,21
1917,739550,20241026, Texas,-1,27, Vanderbilt,1,24,1,3
1919,739550,20241026, TCU,1,35, Texas_Tech,-1,34,1,1
1921,739550,20241026, TX_Southern,1,24, Grambling,-1,17,1,7
1923,739550,20241026, Bowling_Green,-1,41, Toledo,1,26,1,15
1925,739550,20241026, Tulane,-1,45, North_Texas,1,37,1,8
1927,739550,20241026, Memphis,1,33, Charlotte,-1,28,1,5
1929,739550,20241026, Houston,1,17, Utah,-1,14,1,3
1931,739550,20241026, Utah_St,-1,27, Wyoming,1,25,1,2
1933,739550,20241026, Valparaiso,-1,17, Marist,1,14,1,3
1935,739550,20241026, Villanova,1,14, New_Hampshire,-1,6,1,8
1937,739550,20241026, Virginia_Tech,1,21, Georgia_Tech,-1,6,1,15
1939,739550,20241026, Massachusetts,1,35, Wagner,-1,7,1,28
1941,739550,20241026, Indiana,1,31, Washington,-1,17,1,14
1943,739550,20241026, Youngstown_St,1,41, North_Dakota,-1,40,1,1
1945,739550,20241026, Mississippi,1,26, Oklahoma,-1,14,1,12
1947,739550,20241026, Arkansas,-1,58, Mississippi_St,1,25,1,33
1949,739550,20241026, Texas_A&M,1,38, LSU,-1,23,1,15
1951,739550,20241026, Iowa,1,40, Northwestern,-1,14,1,26
1953,739550,20241026, Minnesota,1,48, Maryland,-1,23,1,25
1955,739550,20241026, Ohio_St,1,21, Nebraska,-1,17,1,4
1957,739550,20241026, Notre_Dame,0,51, Navy,0,14,1,37
1959,739550,20241026, Miami_FL,1,36, Florida_St,-1,14,1,22
1961,739550,20241026, North_Carolina,-1,41, Virginia,1,14,1,27
1963,739550,20241026, Wake_Forest,-1,27, Stanford,1,24,1,3
1965,739550,20241026, Kansas_St,1,29, Kansas,-1,27,1,2
1967,739550,20241026, BYU,-1,37, UCF,1,24,1,13
1969,739550,20241026, Colorado_St,1,17, New_Mexico,-1,6,1,11
1971,739550,20241026, Fresno_St,1,33, San_Jose_St,-1,10,1,23
1973,739550,20241026, James_Madison,1,32, Southern_Miss,-1,15,1,17
1975,739550,20241026, Tulsa,1,46, UT_San_Antonio,-1,45,1,1
1977,739550,20241026, Morehead_St,-1,14, Dayton,1,6,1,8
1979,739550,20241026, Presbyterian,-1,42, Stetson,1,14,1,28
1981,739550,20241026, Harvard,1,45, Princeton,-1,13,1,32
1983,739550,20241026, Brown,1,23, Cornell,-1,21,1,2
1985,739550,20241026, LIU_Post,1,24, Central_Conn,-1,21,1,3
1987,739550,20241026, Lehigh,1,33, Fordham,-1,19,1,14
1989,739550,20241026, Georgetown,1,21, Bucknell,-1,20,1,1
1991,739550,20241026, Sacred_Heart,1,31, Mercyhurst,-1,14,1,17
1993,739550,20241026, SF_Austin,1,55, Houston_Chr,-1,6,1,49
1995,739550,20241026, Southern_Utah,-1,28, West_Georgia,1,17,1,11
1997,739550,20241026, E_Kentucky,1,28, Utah_Tech,-1,17,1,11
1999,739550,20241026, Lamar,-1,42, Northwestern_LA,1,10,1,32
2001,739550,20241026, Incarnate_Word,-1,34, SE_Louisiana,1,31,1,3
2003,739553,20241029, Florida_Intl,1,34, New_Mexico_St,-1,13,1,21
2005,739553,20241029, Sam_Houston_St,1,9, Louisiana_Tech,-1,3,1,6
2007,739553,20241029, Louisiana,-1,23, Texas_St,1,17,1,6
2009,739554,20241030, Jacksonville_St,-1,31, Liberty,1,21,1,10
2011,739554,20241030, WKU,1,31, Kennesaw,-1,14,1,17
2013,739555,20241031, S_Carolina_St,1,24, NC_Central,-1,21,1,3
2015,739555,20241031, Tulane,-1,34, Charlotte,1,3,1,31
2017,739556,20241101, Connecticut,1,34, Georgia_St,-1,27,1,7
2019,739556,20241101, South_Florida,-1,44, FL_Atlantic,1,21,1,23
2021,739556,20241101, Boise_St,1,56, San_Diego_St,-1,24,1,32
2023,739556,20241101, Columbia,1,13, Yale,-1,10,1,3
2025,739557,20241102, Butler,1,46, Stetson,-1,13,1,33
2027,739557,20241102, Alabama_St,0,21, Alcorn_St,0,17,1,4
2029,739557,20241102, Portland_St,-1,58, CS_Sacramento,1,38,1,20
2031,739557,20241102, Elon,1,50, Campbell,-1,27,1,23
2033,739557,20241102, New_Hampshire,-1,31, SUNY_Albany,1,14,1,17
2035,739557,20241102, Utah_Tech,1,34, Cent_Arkansas,-1,21,1,13
2037,739557,20241102, Gardner_Webb,-1,17, Charleston_So,1,14,1,3
2039,739557,20241102, Troy,1,38, Coastal_Car,-1,24,1,14
2041,739557,20241102, Abilene_Chr,1,28, Southern_Utah,-1,25,1,3
2043,739557,20241102, Harvard,-1,31, Dartmouth,1,27,1,4
2045,739557,20241102, Howard,1,38, Delaware_St,-1,0,1,38
2047,739557,20241102, Drake,1,19, Marist,-1,0,1,19
2049,739557,20241102, Miami_FL,1,53, Duke,-1,31,1,22
2051,739557,20241102, Mercer,1,37, ETSU,-1,31,1,6
2053,739557,20241102, E_Kentucky,-1,17, Tarleton_St,1,13,1,4
2055,739557,20241102, Toledo,-1,29, E_Michigan,1,28,1,1
2057,739557,20241102, Montana_St,-1,42, E_Washington,1,28,1,14
2059,739557,20241102, Georgia,0,34, Florida,0,20,1,14
2061,739557,20241102, Florida_A&M,1,52, TX_Southern,-1,28,1,24
2063,739557,20241102, Appalachian_St,1,28, Old_Dominion,-1,20,1,8
2065,739557,20241102, VMI,1,21, Furman,-1,17,1,4
2067,739557,20241102, Ga_Southern,-1,34, South_Alabama,1,30,1,4
2069,739557,20241102, UCF,1,56, Arizona,-1,12,1,44
2071,739557,20241102, Arizona_St,-1,42, Oklahoma_St,1,21,1,21
2073,739557,20241102, Villanova,-1,20, Hampton,1,14,1,6
2075,739557,20241102, Hawaii,-1,21, Fresno_St,1,20,1,1
2077,739557,20241102, Jackson_St,1,41, Ark_Pine_Bluff,-1,3,1,38
2079,739557,20241102, Illinois_St,1,23, Youngstown_St,-1,16,1,7
2081,739557,20241102, Indiana_St,1,35, North_Dakota,-1,31,1,4
2083,739557,20241102, Texas_Tech,-1,23, Iowa_St,1,22,1,1
2085,739557,20241102, Vanderbilt,-1,17, Auburn,1,7,1,10
2087,739557,20241102, Tennessee_Tech,1,52, Lindenwood,-1,10,1,42
2089,739557,20241102, Marshall,1,28, ULM,-1,23,1,5
2091,739557,20241102, Oklahoma,1,59, Maine,-1,14,1,45
2093,739557,20241102, Austin_Peay,-1,31, North_Alabama,1,17,1,14
2095,739557,20241102, Robert_Morris,1,6, Merrimack,-1,0,1,6
2097,739557,20241102, MTSU,-1,20, UTEP,1,13,1,7
2099,739557,20241102, Prairie_View,-1,17, MS_Valley_St,1,16,1,1
2101,739557,20241102, Missouri_St,1,38, S_Illinois,-1,17,1,21
2103,739557,20241102, Rhode_Island,1,37, Monmouth_NJ,-1,28,1,9
2105,739557,20241102, Morgan_St,1,38, Norfolk_St,-1,37,1,1
2107,739557,20241102, Colorado_St,-1,38, Nevada,1,21,1,17
2109,739557,20241102, William_&_Mary,-1,45, NC_A&T,1,7,1,38
2111,739557,20241102, N_Dakota_St,1,42, Northern_Iowa,-1,19,1,23
2113,739557,20241102, Baylor,1,37, TCU,-1,34,1,3
2115,739557,20241102, UC_Davis,1,59, N_Colorado,-1,7,1,52
2117,739557,20241102, Ohio_St,-1,20, Penn_St,1,13,1,7
2119,739557,20241102, SMU,1,48, Pittsburgh,-1,25,1,23
2121,739557,20241102, Richmond,1,35, Towson,-1,24,1,11
2123,739557,20241102, St_Francis_PA,1,34, Stonehill,-1,0,1,34
2125,739557,20241102, Bethune-Cookman,1,24, Grambling,-1,21,1,3
2127,739557,20241102, Morehead_St,1,21, St_Thomas_MN,-1,7,1,14
2129,739557,20241102, Wofford,-1,17, Samford,1,13,1,4
2131,739557,20241102, S_Dakota_St,1,52, Murray_St,-1,6,1,46
2133,739557,20241102, Southern_Univ,-1,25, Alabama_A&M,1,20,1,5
2135,739557,20241102, NC_State,1,59, Stanford,-1,28,1,31
2137,739557,20241102, Stony_Brook,-1,31, Bryant,1,30,1,1
2139,739557,20241102, Tennessee,1,28, Kentucky,-1,18,1,10
2141,739557,20241102, W_Carolina,1,38, Chattanooga,-1,34,1,4
2143,739557,20241102, TN_Martin,-1,28, Tennessee_St,1,21,1,7
2145,739557,20241102, Washington,1,26, USC,-1,21,1,5
2147,739557,20241102, Syracuse,1,38, Virginia_Tech,-1,31,1,7
2149,739557,20241102, Central_Conn,1,24, Wagner,-1,14,1,10
2151,739557,20241102, E_Illinois,1,45, W_Illinois,-1,38,1,7
2153,739557,20241102, Iowa,1,42, Wisconsin,-1,10,1,32
2155,739557,20241102, Wyoming,-1,49, New_Mexico,1,45,1,4
2157,739557,20241102, Buffalo,-1,41, Akron,1,30,1,11
2159,739557,20241102, Mississippi,-1,63, Arkansas,1,31,1,32
2161,739557,20241102, Mississippi_St,1,45, Massachusetts,-1,20,1,25
2163,739557,20241102, South_Carolina,1,44, Texas_A&M,-1,20,1,24
2165,739557,20241102, Minnesota,-1,25, Illinois,1,17,1,8
2167,739557,20241102, Indiana,-1,47, Michigan_St,1,10,1,37
2169,739557,20241102, Oregon,-1,38, Michigan,1,17,1,21
2171,739557,20241102, UCLA,-1,27, Nebraska,1,20,1,7
2173,739557,20241102, Northwestern,-1,26, Purdue,1,20,1,6
2175,739557,20241102, Louisville,-1,33, Clemson,1,21,1,12
2177,739557,20241102, North_Carolina,-1,35, Florida_St,1,11,1,24
2179,739557,20241102, Houston,1,24, Kansas_St,-1,19,1,5
2181,739557,20241102, Army,1,20, Air_Force,-1,3,1,17
2183,739557,20241102, UAB,1,59, Tulsa,-1,21,1,38
2185,739557,20241102, UT_San_Antonio,1,44, Memphis,-1,36,1,8
2187,739557,20241102, Rice,1,24, Navy,-1,10,1,14
2189,739557,20241102, Montana,-1,42, Cal_Poly,1,7,1,35
2191,739557,20241102, Northern_Arizona,1,27, Weber_St,-1,6,1,21
2193,739557,20241102, San_Diego,1,40, Davidson,-1,13,1,27
2195,739557,20241102, Presbyterian,1,28, Dayton,-1,7,1,21
2197,739557,20241102, Cornell,-1,49, Princeton,1,35,1,14
2199,739557,20241102, Lehigh,-1,43, Georgetown,1,6,1,37
2201,739557,20241102, Bucknell,1,21, Lafayette,-1,14,1,7
2203,739557,20241102, Fordham,1,20, Colgate,-1,14,1,6
2205,739557,20241102, Duquesne,1,31, Mercyhurst,-1,24,1,7
2207,739557,20241102, SF_Austin,-1,28, Nicholls_St,1,12,1,16
2209,739557,20241102, Penn,-1,38, Brown,1,28,1,10
2211,739557,20241102, Incarnate_Word,1,45, Houston_Chr,-1,20,1,25
2213,739557,20241102, SE_Louisiana,-1,30, Lamar,1,27,1,3
2215,739557,20241102, McNeese_St,1,31, East_Texas_A&M,-1,3,1,28
2217,739560,20241105, Miami_OH,-1,27, Ball_St,1,21,1,6
2219,739560,20241105, Bowling_Green,-1,23, C_Michigan,1,13,1,10
2221,739561,20241106, Ohio,-1,41, Kent,1,0,1,41
2223,739561,20241106, N_Illinois,-1,42, W_Michigan,1,28,1,14
2225,739562,20241107, Coastal_Car,1,38, Appalachian_St,-1,24,1,14
2227,739562,20241107, East_Carolina,1,49, FL_Atlantic,-1,14,1,35
2229,739563,20241108, California,-1,46, Wake_Forest,1,36,1,10
2231,739563,20241108, Dartmouth,-1,26, Princeton,1,17,1,9
2233,739563,20241108, New_Mexico,-1,21, San_Diego_St,1,16,1,5
2235,739563,20241108, Memphis,1,27, Rice,-1,20,1,7
2237,739563,20241108, UCLA,1,20, Iowa,-1,17,1,3
2239,739564,20241109, Butler,-1,24, Valparaiso,1,17,1,7
2241,739564,20241109, Grambling,1,24, Alabama_St,-1,23,1,1
2243,739564,20241109, Montana_St,1,49, CS_Sacramento,-1,7,1,42
2245,739564,20241109, Richmond,-1,27, Campbell,1,24,1,3
2247,739564,20241109, Stony_Brook,1,24, SUNY_Albany,-1,6,1,18
2249,739564,20241109, TN_Martin,-1,40, Charleston_So,1,14,1,26
2251,739564,20241109, West_Virginia,-1,31, Cincinnati,1,24,1,7
2253,739564,20241109, Chattanooga,-1,31, Citadel,1,7,1,24
2255,739564,20241109, Alcorn_St,1,42, TX_Southern,-1,21,1,21
2257,739564,20241109, Connecticut,-1,31, UAB,1,23,1,8
2259,739564,20241109, Abilene_Chr,-1,35, Austin_Peay,1,34,1,1
2261,739564,20241109, Morgan_St,-1,36, Delaware_St,1,28,1,8
2263,739564,20241109, Drake,-1,22, St_Thomas_MN,1,19,1,3
2265,739564,20241109, Duke,-1,29, NC_State,1,19,1,10
2267,739564,20241109, Duquesne,1,31, Robert_Morris,-1,6,1,25
2269,739564,20241109, Gardner_Webb,1,31, E_Illinois,-1,28,1,3
2271,739564,20241109, E_Washington,-1,43, N_Colorado,1,15,1,28
2273,739564,20241109, Elon,-1,40, William_&_Mary,1,36,1,4
2275,739564,20241109, Texas,1,49, Florida,-1,17,1,32
2277,739564,20241109, Prairie_View,1,31, Florida_A&M,-1,12,1,19
2279,739564,20241109, Wofford,-1,19, Furman,1,13,1,6
2281,739564,20241109, James_Madison,1,38, Georgia_St,-1,7,1,31
2283,739564,20241109, Arizona_St,1,35, UCF,-1,31,1,4
2285,739564,20241109, Towson,1,27, Hampton,-1,10,1,17
2287,739564,20241109, UNLV,-1,29, Hawaii,1,27,1,2
2289,739564,20241109, Louisiana,1,55, Arkansas_St,-1,19,1,36
2291,739564,20241109, Idaho,-1,39, Portland_St,1,30,1,9
2293,739564,20241109, Idaho_St,-1,43, Weber_St,1,35,1,8
2295,739564,20241109, Alabama_A&M,-1,52, Ark_Pine_Bluff,1,24,1,28
2297,739564,20241109, Illinois_St,-1,31, Northern_Iowa,1,9,1,22
2299,739564,20241109, South_Dakota,1,49, Indiana_St,-1,0,1,49
2301,739564,20241109, Kansas,1,45, Iowa_St,-1,36,1,9
2303,739564,20241109, Jackson_St,1,51, MS_Valley_St,-1,14,1,37
2305,739564,20241109, Jacksonville_St,-1,44, Louisiana_Tech,1,37,1,7
2307,739564,20241109, UTEP,1,43, Kennesaw,-1,35,1,8
2309,739564,20241109, Lindenwood,1,24, SE_Missouri_St,-1,12,1,12
2311,739564,20241109, Texas_St,-1,38, ULM,1,17,1,21
2313,739564,20241109, Maine,1,38, Bryant,-1,26,1,12
2315,739564,20241109, Marist,-1,40, Stetson,1,31,1,9
2317,739564,20241109, Mercer,-1,34, VMI,1,0,1,34
2319,739564,20241109, Liberty,-1,37, MTSU,1,17,1,20
2321,739564,20241109, Missouri,1,30, Oklahoma,-1,23,1,7
2323,739564,20241109, Missouri_St,-1,59, Murray_St,1,31,1,28
2325,739564,20241109, New_Hampshire,1,33, Monmouth_NJ,-1,20,1,13
2327,739564,20241109, Boise_St,1,28, Nevada,-1,21,1,7
2329,739564,20241109, WKU,-1,41, New_Mexico_St,1,28,1,13
2331,739564,20241109, Villanova,1,31, NC_A&T,-1,3,1,28
2333,739564,20241109, Northern_Arizona,-1,31, Cal_Poly,1,14,1,17
2335,739564,20241109, Penn_St,1,35, Washington,-1,6,1,29
2337,739564,20241109, Virginia,-1,24, Pittsburgh,1,19,1,5
2339,739564,20241109, Delaware,1,24, Rhode_Island,-1,21,1,3
2341,739564,20241109, Rutgers,1,26, Minnesota,-1,19,1,7
2343,739564,20241109, LIU_Post,-1,28, Sacred_Heart,1,7,1,21
2345,739564,20241109, Southern_Univ,1,25, Bethune-Cookman,-1,23,1,2
2347,739564,20241109, Tennessee_Tech,-1,27, Samford,1,7,1,20
2349,739564,20241109, S_Carolina_St,-1,38, Howard,1,14,1,24
2351,739564,20241109, S_Dakota_St,-1,38, North_Dakota,1,7,1,31
2353,739564,20241109, Navy,-1,28, South_Florida,1,7,1,21
2355,739564,20241109, Tennessee,1,33, Mississippi_St,-1,14,1,19
2357,739564,20241109, Tennessee_St,-1,45, W_Illinois,1,20,1,25
2359,739564,20241109, Boston_College,1,37, Syracuse,-1,31,1,6
2361,739564,20241109, TCU,1,38, Oklahoma_St,-1,13,1,25
2363,739564,20241109, Tulane,1,52, Temple,-1,6,1,46
2365,739564,20241109, UC_Davis,-1,30, Montana,1,14,1,16
2367,739564,20241109, BYU,-1,22, Utah,1,21,1,1
2369,739564,20241109, Washington_St,1,49, Utah_St,-1,28,1,21
2371,739564,20241109, Clemson,-1,24, Virginia_Tech,1,14,1,10
2373,739564,20241109, ETSU,1,24, W_Carolina,-1,21,1,3
2375,739564,20241109, S_Illinois,1,37, Youngstown_St,-1,33,1,4
2377,739564,20241109, Alabama,-1,42, LSU,1,13,1,29
2379,739564,20241109, Mississippi,1,28, Georgia,-1,10,1,18
2381,739564,20241109, South_Carolina,-1,28, Vanderbilt,1,7,1,21
2383,739564,20241109, Indiana,1,20, Michigan,-1,15,1,5
2385,739564,20241109, Oregon,1,39, Maryland,-1,18,1,21
2387,739564,20241109, Ohio_St,1,45, Purdue,-1,0,1,45
2389,739564,20241109, Notre_Dame,1,52, Florida_St,-1,3,1,49
2391,739564,20241109, Army,-1,14, North_Texas,1,3,1,11
2393,739564,20241109, Georgia_Tech,1,28, Miami_FL,-1,23,1,5
2395,739564,20241109, Colorado,-1,41, Texas_Tech,1,27,1,14
2397,739564,20241109, Air_Force,1,36, Fresno_St,-1,28,1,8
2399,739564,20241109, San_Jose_St,-1,24, Oregon_St,1,13,1,11
2401,739564,20241109, Marshall,-1,37, Southern_Miss,1,3,1,34
2403,739564,20241109, Davidson,1,31, Morehead_St,-1,14,1,17
2405,739564,20241109, San_Diego,-1,16, Dayton,1,10,1,6
2407,739564,20241109, Harvard,1,26, Columbia,-1,6,1,20
2409,739564,20241109, Yale,1,56, Brown,-1,34,1,22
2411,739564,20241109, Penn,-1,67, Cornell,1,49,1,18
2413,739564,20241109, Central_Conn,-1,21, Stonehill,1,17,1,4
2415,739564,20241109, Bucknell,1,28, Fordham,-1,27,1,1
2417,739564,20241109, Lehigh,-1,10, Holy_Cross,1,7,1,3
2419,739564,20241109, Lafayette,-1,21, Colgate,1,20,1,1
2421,739564,20241109, Incarnate_Word,1,41, Lamar,-1,20,1,21
2423,739564,20241109, East_Texas_A&M,1,19, SF_Austin,-1,14,1,5
2425,739564,20241109, Tarleton_St,-1,38, West_Georgia,1,21,1,17
2427,739564,20241109, E_Kentucky,1,31, Cent_Arkansas,-1,24,1,7
2429,739564,20241109, Southern_Utah,1,38, North_Alabama,-1,26,1,12
2431,739564,20241109, Houston_Chr,1,24, Nicholls_St,-1,21,1,3
2433,739564,20241109, SE_Louisiana,1,41, Northwestern_LA,-1,0,1,41
2435,739567,20241112, Buffalo,1,51, Ball_St,-1,48,1,3
2437,739567,20241112, Toledo,1,37, C_Michigan,-1,10,1,27
2439,739567,20241112, Bowling_Green,1,31, W_Michigan,-1,13,1,18
2441,739568,20241113, Ohio,1,35, E_Michigan,-1,10,1,25
2443,739568,20241113, Miami_OH,1,34, Kent,-1,7,1,27
2445,739568,20241113, N_Illinois,1,29, Akron,-1,16,1,13
2447,739569,20241114, East_Carolina,-1,38, Tulsa,1,31,1,7
2449,739569,20241114, Alabama_A&M,1,22, Grambling,-1,17,1,5
2451,739570,20241115, Arizona,1,27, Houston,-1,3,1,24
2453,739570,20241115, Washington,1,31, UCLA,-1,19,1,12
2455,739570,20241115, Colorado_St,1,24, Wyoming,-1,10,1,14
2457,739570,20241115, UT_San_Antonio,1,48, North_Texas,-1,27,1,21
2459,739570,20241115, NC_Central,1,26, Howard,-1,3,1,23
2461,739571,20241116, Butler,1,36, St_Thomas_MN,-1,20,1,16
2463,739571,20241116, Jackson_St,-1,16, Alabama_St,1,10,1,6
2465,739571,20241116, Cal_Poly,1,26, CS_Sacramento,-1,23,1,3
2467,739571,20241116, Syracuse,-1,33, California,1,25,1,8
2469,739571,20241116, Delaware,1,41, Campbell,-1,22,1,19
2471,739571,20241116, Rhode_Island,1,20, SUNY_Albany,-1,17,1,3
2473,739571,20241116, E_Illinois,1,16, Charleston_So,-1,13,1,3
2475,739571,20241116, Iowa_St,1,34, Cincinnati,-1,17,1,17
2477,739571,20241116, Citadel,-1,30, Wofford,1,17,1,13
2479,739571,20241116, Alcorn_St,-1,26, Prairie_View,1,13,1,13
2481,739571,20241116, Marshall,1,31, Coastal_Car,-1,19,1,12
2483,739571,20241116, Cornell,1,39, Dartmouth,-1,22,1,17
2485,739571,20241116, Norfolk_St,1,38, Delaware_St,-1,19,1,19
2487,739571,20241116, Morehead_St,-1,29, Drake,1,20,1,9
2489,739571,20241116, Duquesne,1,42, Wagner,-1,21,1,21
2491,739571,20241116, Furman,-1,24, ETSU,1,21,1,3
2493,739571,20241116, E_Washington,1,77, Idaho_St,-1,42,1,35
2495,739571,20241116, Florida,1,27, LSU,-1,16,1,11
2497,739571,20241116, MS_Valley_St,-1,24, Florida_A&M,1,21,1,3
2499,739571,20241116, Temple,1,18, FL_Atlantic,-1,15,1,3
2501,739571,20241116, Jacksonville_St,1,34, Florida_Intl,-1,31,1,3
2503,739571,20241116, Tennessee_St,-1,23, Gardner_Webb,1,20,1,3
2505,739571,20241116, Troy,-1,28, Ga_Southern,1,20,1,8
2507,739571,20241116, Arkansas_St,-1,27, Georgia_St,1,20,1,7
2509,739571,20241116, Arizona_St,-1,24, Kansas_St,1,14,1,10
2511,739571,20241116, Richmond,-1,24, Hampton,1,21,1,3
2513,739571,20241116, Harvard,-1,31, Penn,1,28,1,3
2515,739571,20241116, Utah_St,1,55, Hawaii,-1,10,1,45
2517,739571,20241116, Southern_Univ,1,31, Ark_Pine_Bluff,-1,9,1,22
2519,739571,20241116, Illinois_St,-1,31, Indiana_St,1,19,1,12
2521,739571,20241116, Sam_Houston_St,-1,23, Kennesaw,1,17,1,6
2523,739571,20241116, Lamar,1,24, Nicholls_St,-1,7,1,17
2525,739571,20241116, Auburn,1,48, ULM,-1,14,1,34
2527,739571,20241116, Louisiana_Tech,-1,12, WKU,1,7,1,5
2529,739571,20241116, Elon,1,31, Maine,-1,25,1,6
2531,739571,20241116, Presbyterian,-1,42, Marist,1,23,1,19
2533,739571,20241116, Alabama,1,52, Mercer,-1,7,1,45
2535,739571,20241116, Sacred_Heart,-1,31, Merrimack,1,20,1,11
2537,739571,20241116, Illinois,1,38, Michigan_St,-1,16,1,22
2539,739571,20241116, South_Carolina,1,34, Missouri,-1,30,1,4
2541,739571,20241116, N_Dakota_St,1,59, Missouri_St,-1,21,1,38
2543,739571,20241116, Monmouth_NJ,1,40, Villanova,-1,33,1,7
2545,739571,20241116, Montana_St,-1,30, UC_Davis,1,28,1,2
2547,739571,20241116, UNLV,1,41, San_Diego_St,-1,20,1,21
2549,739571,20241116, Texas_A&M,1,38, New_Mexico_St,-1,3,1,35
2551,739571,20241116, Towson,1,31, NC_A&T,-1,13,1,18
2553,739571,20241116, Baylor,-1,49, West_Virginia,1,35,1,14
2555,739571,20241116, Northern_Arizona,-1,44, N_Colorado,1,3,1,41
2557,739571,20241116, McNeese_St,-1,35, Northwestern_LA,1,3,1,32
2559,739571,20241116, James_Madison,-1,35, Old_Dominion,1,32,1,3
2561,739571,20241116, Penn_St,-1,49, Purdue,1,10,1,39
2563,739571,20241116, Clemson,-1,24, Pittsburgh,1,20,1,4
2565,739571,20241116, Montana,1,28, Portland_St,-1,17,1,11
2567,739571,20241116, Central_Conn,1,35, Robert_Morris,-1,33,1,2
2569,739571,20241116, Rutgers,-1,31, Maryland,1,17,1,14
2571,739571,20241116, St_Francis_PA,-1,34, LIU_Post,1,27,1,7
2573,739571,20241116, TX_Southern,1,17, Bethune-Cookman,-1,14,1,3
2575,739571,20241116, Samford,-1,36, Chattanooga,1,13,1,23
2577,739571,20241116, South_Alabama,-1,24, Louisiana,1,22,1,2
2579,739571,20241116, S_Carolina_St,-1,54, Morgan_St,1,7,1,47
2581,739571,20241116, South_Dakota,-1,42, North_Dakota,1,36,1,6
2583,739571,20241116, S_Dakota_St,1,41, S_Illinois,-1,10,1,31
2585,739571,20241116, South_Florida,-1,59, Charlotte,1,24,1,35
2587,739571,20241116, SE_Missouri_St,1,54, W_Illinois,-1,45,1,9
2589,739571,20241116, SMU,1,38, Boston_College,-1,28,1,10
2591,739571,20241116, Stanford,1,38, Louisville,-1,35,1,3
2593,739571,20241116, New_Hampshire,1,31, Stony_Brook,-1,30,1,1
2595,739571,20241116, Georgia,1,31, Tennessee,-1,17,1,14
2597,739571,20241116, Tennessee_Tech,-1,10, TN_Martin,1,9,1,1
2599,739571,20241116, Texas,-1,20, Arkansas,1,10,1,10
2601,739571,20241116, Texas_St,1,58, Southern_Miss,-1,3,1,55
2603,739571,20241116, Tulane,-1,35, Navy,1,0,1,35
2605,739571,20241116, USC,1,28, Nebraska,-1,20,1,8
2607,739571,20241116, Colorado,1,49, Utah,-1,24,1,25
2609,739571,20241116, Dayton,1,26, Valparaiso,-1,14,1,12
2611,739571,20241116, W_Carolina,1,58, VMI,-1,28,1,30
2613,739571,20241116, New_Mexico,1,38, Washington_St,-1,35,1,3
2615,739571,20241116, William_&_Mary,1,22, Bryant,-1,12,1,10
2617,739571,20241116, Oregon,-1,16, Wisconsin,1,13,1,3
2619,739571,20241116, Youngstown_St,1,39, Northern_Iowa,-1,38,1,1
2621,739571,20241116, Kentucky,1,48, Murray_St,-1,6,1,42
2623,739571,20241116, Notre_Dame,1,35, Virginia,-1,14,1,21
2625,739571,20241116, Liberty,-1,35, Massachusetts,1,34,1,1
2627,739571,20241116, North_Carolina,1,31, Wake_Forest,-1,24,1,7
2629,739571,20241116, Kansas,-1,17, BYU,1,13,1,4
2631,739571,20241116, Air_Force,1,28, Oregon_St,-1,0,1,28
2633,739571,20241116, Boise_St,-1,42, San_Jose_St,1,21,1,21
2635,739571,20241116, Memphis,1,53, UAB,-1,18,1,35
2637,739571,20241116, Idaho,1,31, Weber_St,-1,24,1,7
2639,739571,20241116, San_Diego,1,45, Stetson,-1,6,1,39
2641,739571,20241116, Yale,1,42, Princeton,-1,28,1,14
2643,739571,20241116, Columbia,-1,21, Brown,1,12,1,9
2645,739571,20241116, Lehigh,1,45, Colgate,-1,17,1,28
2647,739571,20241116, Fordham,1,31, Georgetown,-1,3,1,28
2649,739571,20241116, Holy_Cross,1,40, Bucknell,-1,38,1,2
2651,739571,20241116, Lafayette,1,42, Stonehill,-1,10,1,32
2653,739571,20241116, Incarnate_Word,-1,27, SF_Austin,1,20,1,7
2655,739571,20241116, Abilene_Chr,-1,35, Tarleton_St,1,31,1,4
2657,739571,20241116, West_Georgia,-1,34, Utah_Tech,1,31,1,3
2659,739571,20241116, East_Texas_A&M,1,41, Houston_Chr,-1,40,1,1
2661,739571,20241116, Southern_Utah,-1,38, Cent_Arkansas,1,31,1,7
2663,739571,20241116, E_Kentucky,-1,30, Austin_Peay,1,27,1,3
2665,739571,20241116, Ohio_St,0,31, Northwestern,0,7,1,24
2667,739574,20241119, Akron,-1,38, Kent,1,17,1,21
2669,739574,20241119, Miami_OH,1,20, N_Illinois,-1,9,1,11
2671,739574,20241119, C_Michigan,1,16, W_Michigan,-1,14,1,2
2673,739575,20241120, Buffalo,-1,37, E_Michigan,1,20,1,17
2675,739575,20241120, Ohio,-1,24, Toledo,1,7,1,17
2677,739576,20241121, SE_Louisiana,-1,19, Nicholls_St,1,16,1,3
2679,739576,20241121, Georgia_Tech,1,30, NC_State,-1,29,1,1
2681,739577,20241122, UNLV,-1,27, San_Jose_St,1,16,1,11
2683,739577,20241122, Michigan_St,1,24, Purdue,-1,17,1,7
2685,739577,20241122, UT_San_Antonio,1,51, Temple,-1,27,1,24
2687,739578,20241123, Presbyterian,1,30, Butler,-1,27,1,3
2689,739578,20241123, Alabama_St,1,9, Prairie_View,-1,6,1,3
2691,739578,20241123, UC_Davis,-1,42, CS_Sacramento,1,39,1,3
2693,739578,20241123, California,1,24, Stanford,-1,21,1,3
2695,739578,20241123, Towson,-1,45, Campbell,1,23,1,22
2697,739578,20241123, SUNY_Albany,1,41, Hampton,-1,34,1,7
2699,739578,20241123, Florida_St,1,41, Charleston_So,-1,7,1,34
2701,739578,20241123, Kansas_St,1,41, Cincinnati,-1,15,1,26
2703,739578,20241123, Clemson,1,51, Citadel,-1,14,1,37
2705,739578,20241123, Jackson_St,-1,48, Alcorn_St,1,10,1,38
2707,739578,20241123, Ga_Southern,-1,26, Coastal_Car,1,6,1,20
2709,739578,20241123, Syracuse,1,31, Connecticut,-1,24,1,7
2711,739578,20241123, Dartmouth,1,56, Brown,-1,28,1,28
2713,739578,20241123, NC_Central,-1,52, Delaware_St,1,10,1,42
2715,739578,20241123, Southern_Utah,1,37, Utah_Tech,-1,34,1,3
2717,739578,20241123, Drake,-1,49, Stetson,1,10,1,39
2719,739578,20241123, Duke,1,31, Virginia_Tech,-1,28,1,3
2721,739578,20241123, Central_Conn,1,21, Duquesne,-1,14,1,7
2723,739578,20241123, East_Carolina,-1,40, North_Texas,1,28,1,12
2725,739578,20241123, ETSU,-1,16, VMI,1,9,1,7
2727,739578,20241123, Tennessee_Tech,1,23, E_Illinois,-1,6,1,17
2729,739578,20241123, Northern_Arizona,1,30, E_Washington,-1,18,1,12
2731,739578,20241123, Elon,-1,31, NC_A&T,1,21,1,10
2733,739578,20241123, Florida,1,24, Mississippi,-1,17,1,7
2735,739578,20241123, Florida_A&M,0,41, Bethune-Cookman,0,38,1,3
2737,739578,20241123, Charlotte,-1,39, FL_Atlantic,1,27,1,12
2739,739578,20241123, Kennesaw,1,27, Florida_Intl,-1,26,1,1
2741,739578,20241123, Appalachian_St,1,34, James_Madison,-1,20,1,14
2743,739578,20241123, Mercer,1,49, Furman,-1,23,1,26
2745,739578,20241123, W_Illinois,1,45, Gardner_Webb,-1,28,1,17
2747,739578,20241123, Georgia_St,-1,52, Texas_St,1,44,1,8
2749,739578,20241123, TCU,1,49, Arizona,-1,28,1,21
2751,739578,20241123, Arizona_St,1,28, BYU,-1,23,1,5
2753,739578,20241123, Holy_Cross,-1,34, Georgetown,1,0,1,34
2755,739578,20241123, Arkansas_St,1,28, ULM,-1,21,1,7
2757,739578,20241123, Houston_Chr,1,62, Northwestern_LA,-1,24,1,38
2759,739578,20241123, Idaho,-1,40, Idaho_St,1,17,1,23
2761,739578,20241123, Illinois,-1,38, Rutgers,1,31,1,7
2763,739578,20241123, TX_Southern,-1,31, Ark_Pine_Bluff,1,23,1,8
2765,739578,20241123, Illinois_St,1,35, North_Dakota,-1,13,1,22
2767,739578,20241123, Incarnate_Word,-1,38, East_Texas_A&M,1,24,1,14
2769,739578,20241123, Northern_Iowa,1,41, Indiana_St,-1,34,1,7
2771,739578,20241123, Iowa_St,-1,31, Utah,1,28,1,3
2773,739578,20241123, Jacksonville_St,1,21, Sam_Houston_St,-1,11,1,10
2775,739578,20241123, Lamar,-1,26, McNeese_St,1,24,1,2
2777,739578,20241123, Auburn,1,43, Texas_A&M,-1,41,1,2
2779,739578,20241123, TN_Martin,1,33, Lindenwood,-1,26,1,7
2781,739578,20241123, Arkansas,1,35, Louisiana_Tech,-1,14,1,21
2783,739578,20241123, New_Hampshire,-1,27, Maine,1,9,1,18
2785,739578,20241123, Chattanooga,-1,24, Austin_Peay,1,17,1,7
2787,739578,20241123, Merrimack,-1,19, Fordham,1,3,1,16
2789,739578,20241123, New_Mexico_St,-1,36, MTSU,1,21,1,15
2791,739578,20241123, Alabama_A&M,-1,49, MS_Valley_St,1,35,1,14
2793,739578,20241123, Missouri,-1,39, Mississippi_St,1,20,1,19
2795,739578,20241123, S_Dakota_St,-1,45, Missouri_St,1,9,1,36
2797,739578,20241123, Bowling_Green,-1,38, Ball_St,1,13,1,25
2799,739578,20241123, Monmouth_NJ,-1,55, Stony_Brook,1,47,1,8
2801,739578,20241123, Air_Force,-1,22, Nevada,1,19,1,3
2803,739578,20241123, S_Carolina_St,1,53, Norfolk_St,-1,21,1,32
2805,739578,20241123, South_Dakota,1,29, N_Dakota_St,-1,28,1,1
2807,739578,20241123, Baylor,-1,20, Houston,1,10,1,10
2809,739578,20241123, Portland_St,1,45, N_Colorado,-1,13,1,32
2811,739578,20241123, Marshall,-1,42, Old_Dominion,1,35,1,7
2813,739578,20241123, Penn_St,-1,26, Minnesota,1,25,1,1
2815,739578,20241123, Louisville,1,37, Pittsburgh,-1,9,1,28
2817,739578,20241123, Rhode_Island,-1,35, Bryant,1,21,1,14
2819,739578,20241123, Richmond,1,27, William_&_Mary,-1,0,1,27
2821,739578,20241123, Robert_Morris,1,31, Stonehill,-1,13,1,18
2823,739578,20241123, St_Thomas_MN,1,32, Dayton,-1,9,1,23
2825,739578,20241123, W_Carolina,-1,47, Samford,1,42,1,5
2827,739578,20241123, Utah_St,1,41, San_Diego_St,-1,20,1,21
2829,739578,20241123, South_Alabama,-1,35, Southern_Miss,1,14,1,21
2831,739578,20241123, South_Florida,1,63, Tulsa,-1,30,1,33
2833,739578,20241123, Tennessee_St,1,28, SE_Missouri_St,-1,21,1,7
2835,739578,20241123, SMU,-1,33, Virginia,1,7,1,26
2837,739578,20241123, Tennessee,1,56, UTEP,-1,0,1,56
2839,739578,20241123, Boston_College,1,41, North_Carolina,-1,21,1,20
2841,739578,20241123, USC,0,19, UCLA,0,13,1,6
2843,739578,20241123, Valparaiso,1,18, Davidson,-1,17,1,1
2845,739578,20241123, Villanova,1,38, Delaware,-1,28,1,10
2847,739578,20241123, LIU_Post,-1,35, Wagner,1,28,1,7
2849,739578,20241123, Oregon_St,1,41, Washington_St,-1,38,1,3
2851,739578,20241123, West_Virginia,1,31, UCF,-1,21,1,10
2853,739578,20241123, Nebraska,1,44, Wisconsin,-1,25,1,19
2855,739578,20241123, South_Carolina,1,56, Wofford,-1,12,1,44
2857,739578,20241123, Boise_St,-1,17, Wyoming,1,13,1,4
2859,739578,20241123, Georgia,1,59, Massachusetts,-1,21,1,38
2861,739578,20241123, LSU,1,24, Vanderbilt,-1,17,1,7
2863,739578,20241123, Oklahoma,1,24, Alabama,-1,3,1,21
2865,739578,20241123, Texas,1,31, Kentucky,-1,14,1,17
2867,739578,20241123, Ohio_St,1,38, Indiana,-1,15,1,23
2869,739578,20241123, Iowa,-1,29, Maryland,1,13,1,16
2871,739578,20241123, Michigan,1,50, Northwestern,-1,6,1,44
2873,739578,20241123, Miami_FL,1,42, Wake_Forest,-1,14,1,28
2875,739578,20241123, Kansas,1,37, Colorado,-1,21,1,16
2877,739578,20241123, Texas_Tech,-1,56, Oklahoma_St,1,48,1,8
2879,739578,20241123, Notre_Dame,0,49, Army,0,14,1,35
2881,739578,20241123, Liberty,1,38, WKU,-1,21,1,17
2883,739578,20241123, Fresno_St,1,28, Colorado_St,-1,22,1,6
2885,739578,20241123, Louisiana,1,51, Troy,-1,30,1,21
2887,739578,20241123, UAB,1,40, Rice,-1,14,1,26
2889,739578,20241123, Weber_St,1,28, Cal_Poly,-1,17,1,11
2891,739578,20241123, Montana_St,1,34, Montana,-1,11,1,23
2893,739578,20241123, S_Illinois,1,62, Murray_St,-1,0,1,62
2895,739578,20241123, San_Diego,-1,37, Morehead_St,1,14,1,23
2897,739578,20241123, Yale,-1,34, Harvard,1,29,1,5
2899,739578,20241123, Princeton,1,20, Penn,-1,17,1,3
2901,739578,20241123, Columbia,1,17, Cornell,-1,9,1,8
2903,739578,20241123, Morgan_St,1,35, Howard,-1,21,1,14
2905,739578,20241123, Bucknell,1,48, Colgate,-1,34,1,14
2907,739578,20241123, Lehigh,1,38, Lafayette,-1,14,1,24
2909,739578,20241123, Mercyhurst,1,21, St_Francis_PA,-1,20,1,1
2911,739578,20241123, Tarleton_St,1,39, Cent_Arkansas,-1,14,1,25
2913,739578,20241123, SF_Austin,1,32, Abilene_Chr,-1,19,1,13
2915,739578,20241123, E_Kentucky,1,21, North_Alabama,-1,15,1,6
2917,739581,20241126, Buffalo,1,43, Kent,-1,7,1,36
2919,739581,20241126, Akron,1,21, Toledo,-1,14,1,7
2921,739583,20241128, Memphis,-1,34, Tulane,1,24,1,10
2923,739584,20241129, Florida_A&M,1,28, Alabama_A&M,-1,20,1,8
2925,739584,20241129, Miami_OH,-1,28, Bowling_Green,1,12,1,16
2927,739584,20241129, Ohio,1,42, Ball_St,-1,21,1,21
2929,739584,20241129, Sam_Houston_St,1,20, Liberty,-1,18,1,2
2931,739584,20241129, Texas_St,-1,45, South_Alabama,1,38,1,7
2933,739584,20241129, San_Jose_St,1,34, Stanford,-1,31,1,3
2935,739584,20241129, Utah,-1,28, UCF,1,14,1,14
2937,739584,20241129, Colorado_St,1,42, Utah_St,-1,37,1,5
2939,739584,20241129, Minnesota,-1,24, Wisconsin,1,7,1,17
2941,739584,20241129, Iowa,1,13, Nebraska,-1,10,1,3
2943,739584,20241129, Colorado,1,52, Oklahoma_St,-1,0,1,52
2945,739584,20241129, Georgia,1,44, Georgia_Tech,-1,42,1,2
2947,739584,20241129, Mississippi,1,26, Mississippi_St,-1,14,1,12
2949,739584,20241129, Boise_St,1,34, Oregon_St,-1,18,1,16
2951,739584,20241129, Navy,-1,34, East_Carolina,1,20,1,14
2953,739585,20241130, Illinois_St,-1,35, SE_Missouri_St,1,27,1,8
2955,739585,20241130, Rhode_Island,1,21, Central_Conn,-1,17,1,4
2957,739585,20241130, TN_Martin,-1,41, New_Hampshire,1,10,1,31
2959,739585,20241130, Lehigh,-1,20, Richmond,1,16,1,4
2961,739585,20241130, Villanova,1,22, E_Kentucky,-1,17,1,5
2963,739585,20241130, Tarleton_St,1,43, Drake,-1,29,1,14
2965,739585,20241130, Abilene_Chr,1,24, Northern_Arizona,-1,0,1,24
2967,739585,20241130, Montana,1,41, Tennessee_St,-1,27,1,14
2969,739585,20241130, SMU,1,38, California,-1,6,1,32
2971,739585,20241130, TCU,-1,20, Cincinnati,1,13,1,7
2973,739585,20241130, Coastal_Car,-1,48, Georgia_St,1,27,1,21
2975,739585,20241130, Connecticut,-1,47, Massachusetts,1,42,1,5
2977,739585,20241130, Duke,-1,23, Wake_Forest,1,17,1,6
2979,739585,20241130, W_Michigan,1,26, E_Michigan,-1,18,1,8
2981,739585,20241130, Florida,-1,31, Florida_St,1,11,1,20
2983,739585,20241130, FL_Atlantic,-1,63, Tulsa,1,16,1,47
2985,739585,20241130, Florida_Intl,1,35, MTSU,-1,24,1,11
2987,739585,20241130, Ga_Southern,1,29, Appalachian_St,-1,20,1,9
2989,739585,20241130, Arizona_St,-1,49, Arizona,1,7,1,42
2991,739585,20241130, Hawaii,1,38, New_Mexico,-1,30,1,8
2993,739585,20241130, Old_Dominion,-1,40, Arkansas_St,1,32,1,8
2995,739585,20241130, Illinois,-1,38, Northwestern,1,28,1,10
2997,739585,20241130, Iowa_St,1,29, Kansas_St,-1,21,1,8
2999,739585,20241130, WKU,1,19, Jacksonville_St,-1,17,1,2
3001,739585,20241130, Louisiana_Tech,1,33, Kennesaw,-1,0,1,33
3003,739585,20241130, Alabama,1,28, Auburn,-1,14,1,14
3005,739585,20241130, Missouri,1,28, Arkansas,-1,21,1,7
3007,739585,20241130, UNLV,1,38, Nevada,-1,14,1,24
3009,739585,20241130, UTEP,-1,42, New_Mexico_St,1,35,1,7
3011,739585,20241130, Baylor,1,45, Kansas,-1,17,1,28
3013,739585,20241130, N_Illinois,1,24, C_Michigan,-1,16,1,8
3015,739585,20241130, Penn_St,1,44, Maryland,-1,7,1,37
3017,739585,20241130, Boston_College,1,34, Pittsburgh,-1,23,1,11
3019,739585,20241130, Rutgers,-1,41, Michigan_St,1,14,1,27
3021,739585,20241130, Air_Force,-1,31, San_Diego_St,1,20,1,11
3023,739585,20241130, Southern_Univ,0,24, Grambling,0,14,1,10
3025,739585,20241130, Tennessee,-1,36, Vanderbilt,1,23,1,13
3027,739585,20241130, Texas,-1,17, Texas_A&M,1,7,1,10
3029,739585,20241130, Charlotte,1,29, UAB,-1,27,1,2
3031,739585,20241130, Notre_Dame,-1,49, USC,1,35,1,14
3033,739585,20241130, Virginia_Tech,1,37, Virginia,-1,17,1,20
3035,739585,20241130, Oregon,1,49, Washington,-1,21,1,28
3037,739585,20241130, Wyoming,-1,15, Washington_St,1,14,1,1
3039,739585,20241130, Texas_Tech,1,52, West_Virginia,-1,15,1,37
3041,739585,20241130, Louisville,-1,41, Kentucky,1,14,1,27
3043,739585,20241130, LSU,1,37, Oklahoma,-1,17,1,20
3045,739585,20241130, South_Carolina,-1,17, Clemson,1,14,1,3
3047,739585,20241130, Indiana,1,66, Purdue,-1,0,1,66
3049,739585,20241130, Michigan,-1,13, Ohio_St,1,10,1,3
3051,739585,20241130, UCLA,1,20, Fresno_St,-1,13,1,7
3053,739585,20241130, Syracuse,1,42, Miami_FL,-1,38,1,4
3055,739585,20241130, NC_State,-1,35, North_Carolina,1,30,1,5
3057,739585,20241130, BYU,1,30, Houston,-1,18,1,12
3059,739585,20241130, Marshall,-1,35, James_Madison,1,33,1,2
3061,739585,20241130, Louisiana,-1,37, ULM,1,23,1,14
3063,739585,20241130, Troy,1,52, Southern_Miss,-1,20,1,32
3065,739585,20241130, Army,1,29, UT_San_Antonio,-1,24,1,5
3067,739585,20241130, North_Texas,-1,24, Temple,1,17,1,7
3069,739585,20241130, Rice,1,35, South_Florida,-1,28,1,7
3071,739591,20241206, Boise_St,1,21, UNLV,-1,7,1,14
3073,739591,20241206, Jacksonville_St,1,52, WKU,-1,12,1,40
3075,739591,20241206, Army,1,35, Tulane,-1,14,1,21
3077,739592,20241207, Clemson,0,34, SMU,0,31,1,3
3079,739592,20241207, Oregon,0,45, Penn_St,0,37,1,8
3081,739592,20241207, Jackson_St,1,41, Southern_Univ,-1,13,1,28
3083,739592,20241207, S_Dakota_St,1,35, Montana,-1,18,1,17
3085,739592,20241207, Incarnate_Word,1,13, Villanova,-1,6,1,7
3087,739592,20241207, Mercer,1,17, Rhode_Island,-1,10,1,7
3089,739592,20241207, N_Dakota_St,1,51, Abilene_Chr,-1,31,1,20
3091,739592,20241207, South_Dakota,1,42, Tarleton_St,-1,31,1,11
3093,739592,20241207, Montana_St,1,49, TN_Martin,-1,17,1,32
3095,739592,20241207, UC_Davis,1,42, Illinois_St,-1,10,1,32
3097,739592,20241207, Idaho,1,34, Lehigh,-1,13,1,21
3099,739592,20241207, Ohio,0,38, Miami_OH,0,3,1,35
3101,739592,20241207, Arizona_St,0,45, Iowa_St,0,19,1,26
3103,739592,20241207, Georgia,0,22, Texas,0,19,1,3
3105,739592,20241207, Marshall,-1,31, Louisiana,1,3,1,28
3107,739598,20241213, Montana_St,1,52, Idaho,-1,19,1,33
3109,739599,20241214, South_Alabama,0,30, W_Michigan,0,23,1,7
3111,739599,20241214, S_Dakota_St,1,55, Incarnate_Word,-1,14,1,41
3113,739599,20241214, Jackson_St,0,28, S_Carolina_St,0,7,1,21
3115,739599,20241214, South_Dakota,1,35, UC_Davis,-1,21,1,14
3117,739599,20241214, N_Dakota_St,1,31, Mercer,-1,7,1,24
3119,739599,20241214, Navy,0,31, Army,0,13,1,18
3121,739602,20241217, Memphis,0,42, West_Virginia,0,37,1,5
3123,739603,20241218, James_Madison,0,27, WKU,0,17,1,10
3125,739603,20241218, UNLV,0,24, California,0,13,1,11
3127,739604,20241219, Sam_Houston_St,0,31, Ga_Southern,0,26,1,5
3129,739605,20241220, Ohio,0,30, Jacksonville_St,0,27,1,3
3131,739605,20241220, Florida,0,33, Tulane,0,8,1,25
3133,739605,20241220, Notre_Dame,1,27, Indiana,-1,17,1,10
3135,739606,20241221, Penn_St,1,38, SMU,-1,10,1,28
3137,739606,20241221, Texas,1,38, Clemson,-1,24,1,14
3139,739606,20241221, Ohio_St,1,42, Tennessee,-1,17,1,25
3141,739606,20241221, N_Dakota_St,1,28, S_Dakota_St,-1,21,1,7
3143,739606,20241221, Montana_St,1,31, South_Dakota,-1,17,1,14
3145,739608,20241223, UT_San_Antonio,-1,44, Coastal_Car,1,15,1,29
3147,739608,20241223, N_Illinois,0,28, Fresno_St,0,20,1,8
3149,739609,20241224, South_Florida,0,41, San_Jose_St,0,39,1,2
3151,739611,20241226, Toledo,0,48, Pittsburgh,0,46,1,2
3153,739611,20241226, Kansas_St,0,44, Rutgers,0,41,1,3
3155,739611,20241226, Arkansas_St,0,38, Bowling_Green,0,31,1,7
3157,739612,20241227, Navy,0,21, Oklahoma,0,20,1,1
3159,739612,20241227, Vanderbilt,0,35, Georgia_Tech,0,27,1,8
3161,739612,20241227, Arkansas,0,39, Texas_Tech,0,26,1,13
3163,739612,20241227, Syracuse,0,52, Washington_St,0,35,1,17
3165,739612,20241227, USC,0,35, Texas_A&M,0,31,1,4
3167,739613,20241228, Connecticut,0,27, North_Carolina,0,14,1,13
3169,739613,20241228, Nebraska,0,20, Boston_College,0,15,1,5
3171,739613,20241228, TCU,0,34, Louisiana,0,3,1,31
3173,739613,20241228, Iowa_St,0,42, Miami_FL,0,41,1,1
3175,739613,20241228, Miami_OH,0,43, Colorado_St,0,17,1,26
3177,739613,20241228, East_Carolina,0,26, NC_State,0,21,1,5
3179,739613,20241228, BYU,0,36, Colorado,0,14,1,22
3181,739613,20241228, Army,0,27, Louisiana_Tech,0,6,1,21
3183,739615,20241230, Missouri,0,27, Iowa,0,24,1,3
3185,739616,20241231, Michigan,0,19, Alabama,0,13,1,6
3187,739616,20241231, Louisville,0,35, Washington,0,34,1,1
3189,739616,20241231, Illinois,0,21, South_Carolina,0,17,1,4
3191,739616,20241231, LSU,0,44, Baylor,0,31,1,13
3193,739616,20241231, Penn_St,0,31, Boise_St,0,14,1,17
3195,739617,20250101, Texas,0,39, Arizona_St,0,31,1,8
3197,739617,20250101, Ohio_St,0,41, Oregon,0,21,1,20
3199,739618,20250102, Mississippi,0,52, Duke,0,20,1,32
3201,739618,20250102, Notre_Dame,0,23, Georgia,0,10,1,13
3203,739619,20250103, Texas_St,0,30, North_Texas,0,28,1,2
3205,739619,20250103, Minnesota,0,24, Virginia_Tech,0,10,1,14
3207,739620,20250104, Buffalo,0,26, Liberty,0,7,1,19
3209,739622,20250106, N_Dakota_St,0,35, Montana_St,0,32,1,3
3211,739625,20250109, Notre_Dame,0,27, Penn_St,0,24,1,3
3213,739626,20250110, Ohio_St,0,28, Texas,0,14,1,14
3215,739636,20250120, Ohio_St,0,34, Notre_Dame,0,23,1,11